Handle,Title,Body (HTML),Product Category,Type,Tags,Is Digital,Is Trademark,Option1 Name,Option1 Value,Option2 Name,Option2 Value,Option3 Name,Option3 Value,Variant SKU,Variant Price,Variant Compare At Price,Variant Price GBP,Variant Compare At Price GBP,Variant Price CAD,Variant Compare At Price CAD,Image Src,Variant Image,Variant File,Variant Design
parables-in-objects-2027-christian-wall-calendar-kjv-bible-verses-symbolic-jesus-parables-faith-gift,"Parables in Objects 2027 Christian Wall Calendar, KJV Bible Verses, Symbolic Jesus Parables, Faith Gift","<p>Parables in Objects — Twelve Teachings Told Without Words. A 2027 wall calendar with original symbolic parable tableaux artwork for every month.</p><p><strong>What's inside</strong></p><ul><li>12 full-page original artworks, one for each month</li><li>Monthly grid with US holidays and a Notes column on every month</li><li>King James Version scripture for each month</li><li>Front cover and a back cover with all 12 artworks</li></ul><p><strong>Months</strong></p><ul><li><strong>January</strong>: Built on the Rock — Matthew 7:24-27 (KJV)</li><li><strong>February</strong>: Mercy Draws Near — Luke 10:33-34 (KJV)</li><li><strong>March</strong>: Where Seed Falls — Matthew 13:3-8 (KJV)</li><li><strong>April</strong>: The One Sought — Luke 15:4-6 (KJV)</li><li><strong>May</strong>: Small Seed, Great Growth — Matthew 13:31-32 (KJV)</li><li><strong>June</strong>: Treasure Worth Everything — Matthew 13:44 (KJV)</li><li><strong>July</strong>: One Pearl Beyond Price — Matthew 13:45-46 (KJV)</li><li><strong>August</strong>: More Than Stored Plenty — Luke 12:16-21 (KJV)</li><li><strong>September</strong>: Seeking What Was Lost — Luke 15:8-10 (KJV)</li><li><strong>October</strong>: Keep Your Lamp Ready — Matthew 25:1-13 (KJV)</li><li><strong>November</strong>: Faithful With What Comes — Matthew 25:14-30 (KJV)</li><li><strong>December</strong>: There Is Still Room — Luke 14:16-24 (KJV)</li></ul><p><strong>Details</strong></p><ul><li>Size: 11 x 8.5 in (opens to 11 x 17 in)</li><li>Wire-bound, hanging hole</li><li>Printed on demand and shipped to you</li></ul>",Calendaria,Wall Calendar,"christian calendar, bible verse calendar, parable calendar, jesus parables, faith wall calendar, christian gift, bible study gift, pastor family gift, sunday school gift, scripture calendar, religious decor, 2027 wall calendar, kjv calendar",FALSE,FALSE,Size,"11"" x 8.5""",Choose your format,Spiral,Paper,Matte,WCB-PIO-67E9F-11SM,29.95,39.95,22.16,29.56,41.93,55.93,https://cdn.crayonahub.com/calendars/bible/parables-in-objects/01_front_cover_spiral.jpg,https://cdn.crayonahub.com/calendars/bible/parables-in-objects/01_front_cover_spiral.jpg,,
parables-in-objects-2027-christian-wall-calendar-kjv-bible-verses-symbolic-jesus-parables-faith-gift,,,Calendaria,,,,,,"11"" x 8.5""",,Printable,,,WCB-PIO-67E9F-11PD,7.95,12.95,5.88,9.58,11.13,18.13,,https://cdn.crayonahub.com/calendars/bible/parables-in-objects/01_front_cover_spiral.jpg,https://cdn.crayonahub.com/calendars/bible/parables-in-objects/in_tai_nha_11x8.5.pdf,
parables-in-objects-2027-christian-wall-calendar-kjv-bible-verses-symbolic-jesus-parables-faith-gift,,,Calendaria,,,,,,"14"" x 11.5""",,Spiral,,Matte,WCB-PIO-67E9F-14SM,39.95,49.95,29.56,36.96,55.93,69.93,,https://cdn.crayonahub.com/calendars/bible/parables-in-objects/01_front_cover_spiral.jpg,,
parables-in-objects-2027-christian-wall-calendar-kjv-bible-verses-symbolic-jesus-parables-faith-gift,,,Calendaria,,,,,,"14"" x 11.5""",,Spiral,,Glossy,WCB-PIO-67E9F-14SG,42.95,52.95,31.78,39.18,60.13,74.13,,https://cdn.crayonahub.com/calendars/bible/parables-in-objects/01_front_cover_spiral.jpg,,
parables-in-objects-2027-christian-wall-calendar-kjv-bible-verses-symbolic-jesus-parables-faith-gift,,,Calendaria,,,,,,"14"" x 11.5""",,Printable,,,WCB-PIO-67E9F-14PD,7.95,12.95,5.88,9.58,11.13,18.13,,https://cdn.crayonahub.com/calendars/bible/parables-in-objects/01_front_cover_spiral.jpg,https://cdn.crayonahub.com/calendars/bible/parables-in-objects/in_tai_nha_14x11.5.pdf,
parables-in-objects-2027-christian-wall-calendar-kjv-bible-verses-symbolic-jesus-parables-faith-gift,,,Calendaria,,,,,,,,,,,,,,,,,,https://cdn.crayonahub.com/calendars/bible/parables-in-objects/02_open_spread_flat.jpg,,,
parables-in-objects-2027-christian-wall-calendar-kjv-bible-verses-symbolic-jesus-parables-faith-gift,,,Calendaria,,,,,,,,,,,,,,,,,,https://cdn.crayonahub.com/calendars/bible/parables-in-objects/03_three_open_spreads.jpg,,,
parables-in-objects-2027-christian-wall-calendar-kjv-bible-verses-symbolic-jesus-parables-faith-gift,,,Calendaria,,,,,,,,,,,,,,,,,,https://cdn.crayonahub.com/calendars/bible/parables-in-objects/04_wall_spread.jpg,,,
parables-in-objects-2027-christian-wall-calendar-kjv-bible-verses-symbolic-jesus-parables-faith-gift,,,Calendaria,,,,,,,,,,,,,,,,,,https://cdn.crayonahub.com/calendars/bible/parables-in-objects/05_wall_page_turn.jpg,,,
plants-of-scripture-2027-wall-calendar-biblical-botanical-photography-christian-garden-gift-faith-botanical-decor,"Plants of Scripture 2027 Wall Calendar, Biblical Botanical Photography, Christian Garden Gift, Faith Botanical Decor","<p>Plants of Scripture — Biblical Botanicals Through the Year. A 2027 wall calendar with original scripture botanical studio photography artwork for every month.</p><p><strong>What's inside</strong></p><ul><li>12 full-page original artworks, one for each month</li><li>Monthly grid with US holidays and large date boxes for appointments and notes</li><li>Front cover and a back cover with all 12 artworks</li></ul><p><strong>Months</strong></p><ul><li><strong>January</strong>: Rooted and Strong</li><li><strong>February</strong>: Awake and Blooming</li><li><strong>March</strong>: Cleansing and Grace</li><li><strong>April</strong>: Consider the Lilies</li><li><strong>May</strong>: Fruitful and Peaceful</li><li><strong>June</strong>: Summer Abundance</li><li><strong>July</strong>: Abide and Bear Fruit</li><li><strong>August</strong>: Grain and Provision</li><li><strong>September</strong>: Seeds of Plenty</li><li><strong>October</strong>: Small Seed, Great Growth</li><li><strong>November</strong>: Precious Resin</li><li><strong>December</strong>: A Fragrant Gift</li></ul><p><strong>Details</strong></p><ul><li>Size: 11 x 8.5 in (opens to 11 x 17 in)</li><li>Wire-bound, hanging hole</li><li>Printed on demand and shipped to you</li></ul>",Calendaria,Wall Calendar,"bible plant calendar, christian calendar, biblical botanicals, scripture plants, botanical calendar, faith wall calendar, christian gift, garden lover gift, bible reader gift, church gift, botanical decor, 2027 wall calendar, printable calendar",FALSE,FALSE,Size,"11"" x 8.5""",Choose your format,Spiral,Paper,Matte,WCB-POS-D9E60-11SM,29.95,39.95,22.16,29.56,41.93,55.93,https://cdn.crayonahub.com/calendars/bible/plants-of-scripture/01_front_cover_spiral.jpg,https://cdn.crayonahub.com/calendars/bible/plants-of-scripture/01_front_cover_spiral.jpg,,
plants-of-scripture-2027-wall-calendar-biblical-botanical-photography-christian-garden-gift-faith-botanical-decor,,,Calendaria,,,,,,"11"" x 8.5""",,Printable,,,WCB-POS-D9E60-11PD,7.95,12.95,5.88,9.58,11.13,18.13,,https://cdn.crayonahub.com/calendars/bible/plants-of-scripture/01_front_cover_spiral.jpg,https://cdn.crayonahub.com/calendars/bible/plants-of-scripture/in_tai_nha_11x8.5.pdf,
plants-of-scripture-2027-wall-calendar-biblical-botanical-photography-christian-garden-gift-faith-botanical-decor,,,Calendaria,,,,,,"14"" x 11.5""",,Spiral,,Matte,WCB-POS-D9E60-14SM,39.95,49.95,29.56,36.96,55.93,69.93,,https://cdn.crayonahub.com/calendars/bible/plants-of-scripture/01_front_cover_spiral.jpg,,
plants-of-scripture-2027-wall-calendar-biblical-botanical-photography-christian-garden-gift-faith-botanical-decor,,,Calendaria,,,,,,"14"" x 11.5""",,Spiral,,Glossy,WCB-POS-D9E60-14SG,42.95,52.95,31.78,39.18,60.13,74.13,,https://cdn.crayonahub.com/calendars/bible/plants-of-scripture/01_front_cover_spiral.jpg,,
plants-of-scripture-2027-wall-calendar-biblical-botanical-photography-christian-garden-gift-faith-botanical-decor,,,Calendaria,,,,,,"14"" x 11.5""",,Printable,,,WCB-POS-D9E60-14PD,7.95,12.95,5.88,9.58,11.13,18.13,,https://cdn.crayonahub.com/calendars/bible/plants-of-scripture/01_front_cover_spiral.jpg,https://cdn.crayonahub.com/calendars/bible/plants-of-scripture/in_tai_nha_14x11.5.pdf,
plants-of-scripture-2027-wall-calendar-biblical-botanical-photography-christian-garden-gift-faith-botanical-decor,,,Calendaria,,,,,,,,,,,,,,,,,,https://cdn.crayonahub.com/calendars/bible/plants-of-scripture/02_open_spread_flat.jpg,,,
plants-of-scripture-2027-wall-calendar-biblical-botanical-photography-christian-garden-gift-faith-botanical-decor,,,Calendaria,,,,,,,,,,,,,,,,,,https://cdn.crayonahub.com/calendars/bible/plants-of-scripture/03_three_open_spreads.jpg,,,
plants-of-scripture-2027-wall-calendar-biblical-botanical-photography-christian-garden-gift-faith-botanical-decor,,,Calendaria,,,,,,,,,,,,,,,,,,https://cdn.crayonahub.com/calendars/bible/plants-of-scripture/04_wall_spread.jpg,,,
plants-of-scripture-2027-wall-calendar-biblical-botanical-photography-christian-garden-gift-faith-botanical-decor,,,Calendaria,,,,,,,,,,,,,,,,,,https://cdn.crayonahub.com/calendars/bible/plants-of-scripture/05_wall_page_turn.jpg,,,
walk-by-faith-2027-christian-wall-calendar-practical-faith-actions-contemporary-inspirational-lifestyle-calendar,"Walk by Faith 2027 Christian Wall Calendar, Practical Faith Actions, Contemporary Inspirational Lifestyle Calendar","<p>Walk by Faith — Faith Made Visible in Daily Choices. A 2027 wall calendar with original everyday faith action photography artwork for every month.</p><p><strong>What's inside</strong></p><ul><li>12 full-page original artworks, one for each month</li><li>Monthly grid with US holidays and large date boxes for appointments and notes</li><li>Front cover and a back cover with all 12 artworks</li></ul><p><strong>Months</strong></p><ul><li><strong>January</strong>: Begin With Intention</li><li><strong>February</strong>: Choose Kindness</li><li><strong>March</strong>: Practice Patience</li><li><strong>April</strong>: Serve Without Spotlight</li><li><strong>May</strong>: Honor Through Presence</li><li><strong>June</strong>: Send Encouragement</li><li><strong>July</strong>: Share What Is Good</li><li><strong>August</strong>: Prepare With Care</li><li><strong>September</strong>: Pause Before Choosing</li><li><strong>October</strong>: Release With Generosity</li><li><strong>November</strong>: Share the Plenty</li><li><strong>December</strong>: Carry Generosity Forward</li></ul><p><strong>Details</strong></p><ul><li>Size: 11 x 8.5 in (opens to 11 x 17 in)</li><li>Wire-bound, hanging hole</li><li>Printed on demand and shipped to you</li></ul>",Calendaria,Wall Calendar,"christian calendar, walk by faith, faith calendar, 2027 wall calendar, christian gift, inspirational decor, practical faith, faith in action, modern christian, daily faith, religious calendar, christian home, encouragement gift",FALSE,FALSE,Size,"11"" x 8.5""",Choose your format,Spiral,Paper,Matte,WCB-WBF-4CEEF-11SM,29.95,39.95,22.16,29.56,41.93,55.93,https://cdn.crayonahub.com/calendars/bible/walk-by-faith/01_front_cover_spiral.jpg,https://cdn.crayonahub.com/calendars/bible/walk-by-faith/01_front_cover_spiral.jpg,,
walk-by-faith-2027-christian-wall-calendar-practical-faith-actions-contemporary-inspirational-lifestyle-calendar,,,Calendaria,,,,,,"11"" x 8.5""",,Printable,,,WCB-WBF-4CEEF-11PD,7.95,12.95,5.88,9.58,11.13,18.13,,https://cdn.crayonahub.com/calendars/bible/walk-by-faith/01_front_cover_spiral.jpg,https://cdn.crayonahub.com/calendars/bible/walk-by-faith/in_tai_nha_11x8.5.pdf,
walk-by-faith-2027-christian-wall-calendar-practical-faith-actions-contemporary-inspirational-lifestyle-calendar,,,Calendaria,,,,,,"14"" x 11.5""",,Spiral,,Matte,WCB-WBF-4CEEF-14SM,39.95,49.95,29.56,36.96,55.93,69.93,,https://cdn.crayonahub.com/calendars/bible/walk-by-faith/01_front_cover_spiral.jpg,,
walk-by-faith-2027-christian-wall-calendar-practical-faith-actions-contemporary-inspirational-lifestyle-calendar,,,Calendaria,,,,,,"14"" x 11.5""",,Spiral,,Glossy,WCB-WBF-4CEEF-14SG,42.95,52.95,31.78,39.18,60.13,74.13,,https://cdn.crayonahub.com/calendars/bible/walk-by-faith/01_front_cover_spiral.jpg,,
walk-by-faith-2027-christian-wall-calendar-practical-faith-actions-contemporary-inspirational-lifestyle-calendar,,,Calendaria,,,,,,"14"" x 11.5""",,Printable,,,WCB-WBF-4CEEF-14PD,7.95,12.95,5.88,9.58,11.13,18.13,,https://cdn.crayonahub.com/calendars/bible/walk-by-faith/01_front_cover_spiral.jpg,https://cdn.crayonahub.com/calendars/bible/walk-by-faith/in_tai_nha_14x11.5.pdf,
walk-by-faith-2027-christian-wall-calendar-practical-faith-actions-contemporary-inspirational-lifestyle-calendar,,,Calendaria,,,,,,,,,,,,,,,,,,https://cdn.crayonahub.com/calendars/bible/walk-by-faith/02_open_spread_flat.jpg,,,
walk-by-faith-2027-christian-wall-calendar-practical-faith-actions-contemporary-inspirational-lifestyle-calendar,,,Calendaria,,,,,,,,,,,,,,,,,,https://cdn.crayonahub.com/calendars/bible/walk-by-faith/03_three_open_spreads.jpg,,,
walk-by-faith-2027-christian-wall-calendar-practical-faith-actions-contemporary-inspirational-lifestyle-calendar,,,Calendaria,,,,,,,,,,,,,,,,,,https://cdn.crayonahub.com/calendars/bible/walk-by-faith/04_wall_spread.jpg,,,
walk-by-faith-2027-christian-wall-calendar-practical-faith-actions-contemporary-inspirational-lifestyle-calendar,,,Calendaria,,,,,,,,,,,,,,,,,,https://cdn.crayonahub.com/calendars/bible/walk-by-faith/05_wall_page_turn.jpg,,,
the-great-indoor-cat-2027-wall-calendar-funny-mid-century-house-cat-art-for-cat-lovers-apartments-and-cozy-homes,"The Great Indoor Cat 2027 Wall Calendar | Funny Mid-Century House Cat Art for Cat Lovers, Apartments and Cozy Homes","<p>The Great Indoor Cat — Twelve Territories, One Tiny Monarch. A 2027 wall calendar with original mid-century domestic kingdom artwork for every month.</p><p><strong>What's inside</strong></p><ul><li>12 full-page original artworks, one for each month</li><li>A monthly date grid for every month</li><li>Front cover and a back cover with all 12 artworks</li></ul><p><strong>Months</strong></p><ul><li><strong>January</strong>: Radiator Royalty</li><li><strong>February</strong>: Laundry Throne</li><li><strong>March</strong>: Spring Watch</li><li><strong>April</strong>: Cardboard Kingdom</li><li><strong>May</strong>: Shelf Inspector</li><li><strong>June</strong>: Screen Patrol</li><li><strong>July</strong>: Coolest Spot</li><li><strong>August</strong>: Shelf Takeover</li><li><strong>September</strong>: Desk Supervisor</li><li><strong>October</strong>: Blanket Cave</li><li><strong>November</strong>: Chair Reserved</li><li><strong>December</strong>: Paper Ambush</li></ul><p><strong>Details</strong></p><ul><li>Size: 11 x 8.5 in (opens to 11 x 17 in)</li><li>Wire-bound, hanging hole</li><li>Printed on demand and shipped to you</li></ul>",Calendaria,Wall Calendar,"cat wall calendar, indoor cat gift, cat lover gift, funny cat decor, mid century cat, retro cat art, house cat calendar, apartment cat, cozy home decor, cat owner humor, 2027 cat calendar, vintage style cat, homebody gift",FALSE,FALSE,Size,"11"" x 8.5""",Choose your format,Spiral,Paper,Matte,WCP-TGI-78765-11SM,29.95,39.95,22.16,29.56,41.93,55.93,https://cdn.crayonahub.com/calendars/cats/the-great-indoor-cat/01_front_cover_spiral.jpg,https://cdn.crayonahub.com/calendars/cats/the-great-indoor-cat/01_front_cover_spiral.jpg,,
the-great-indoor-cat-2027-wall-calendar-funny-mid-century-house-cat-art-for-cat-lovers-apartments-and-cozy-homes,,,Calendaria,,,,,,"11"" x 8.5""",,Printable,,,WCP-TGI-78765-11PD,7.95,12.95,5.88,9.58,11.13,18.13,,https://cdn.crayonahub.com/calendars/cats/the-great-indoor-cat/01_front_cover_spiral.jpg,https://cdn.crayonahub.com/calendars/cats/the-great-indoor-cat/in_tai_nha_11x8.5.pdf,
the-great-indoor-cat-2027-wall-calendar-funny-mid-century-house-cat-art-for-cat-lovers-apartments-and-cozy-homes,,,Calendaria,,,,,,"14"" x 11.5""",,Spiral,,Glossy,WCP-TGI-78765-14SG,42.95,52.95,31.78,39.18,60.13,74.13,,https://cdn.crayonahub.com/calendars/cats/the-great-indoor-cat/01_front_cover_spiral.jpg,,
the-great-indoor-cat-2027-wall-calendar-funny-mid-century-house-cat-art-for-cat-lovers-apartments-and-cozy-homes,,,Calendaria,,,,,,"14"" x 11.5""",,Printable,,,WCP-TGI-78765-14PD,7.95,12.95,5.88,9.58,11.13,18.13,,https://cdn.crayonahub.com/calendars/cats/the-great-indoor-cat/01_front_cover_spiral.jpg,https://cdn.crayonahub.com/calendars/cats/the-great-indoor-cat/in_tai_nha_14x11.5.pdf,
the-great-indoor-cat-2027-wall-calendar-funny-mid-century-house-cat-art-for-cat-lovers-apartments-and-cozy-homes,,,Calendaria,,,,,,,,,,,,,,,,,,https://cdn.crayonahub.com/calendars/cats/the-great-indoor-cat/02_premade_wall_straight.jpg,,,
the-great-indoor-cat-2027-wall-calendar-funny-mid-century-house-cat-art-for-cat-lovers-apartments-and-cozy-homes,,,Calendaria,,,,,,,,,,,,,,,,,,https://cdn.crayonahub.com/calendars/cats/the-great-indoor-cat/03_premade_wall_angled.jpg,,,
the-great-indoor-cat-2027-wall-calendar-funny-mid-century-house-cat-art-for-cat-lovers-apartments-and-cozy-homes,,,Calendaria,,,,,,,,,,,,,,,,,,https://cdn.crayonahub.com/calendars/cats/the-great-indoor-cat/04_premade_three_spreads.jpg,,,
the-great-indoor-cat-2027-wall-calendar-funny-mid-century-house-cat-art-for-cat-lovers-apartments-and-cozy-homes,,,Calendaria,,,,,,,,,,,,,,,,,,https://cdn.crayonahub.com/calendars/cats/the-great-indoor-cat/05_premade_two_closed.jpg,,,
2027-backyard-chicken-calendar-first-flock-journey-new-chicken-keeper-gift-homestead-wall-calendar,"2027 Backyard Chicken Calendar, First Flock Journey, New Chicken Keeper Gift, Homestead Wall Calendar","<p>First Egg to Flock — A Backyard Chicken Journey. A 2027 wall calendar with original mid-century flock instructional artwork for every month.</p><p><strong>What's inside</strong></p><ul><li>12 full-page original artworks, one for each month</li><li>Monthly grid with US holidays and a Notes column on every month</li><li>Front cover and a back cover with all 12 artworks</li></ul><p><strong>Months</strong></p><ul><li><strong>January</strong>: Plan Before Chicks</li><li><strong>February</strong>: Brooder Ready</li><li><strong>March</strong>: Chicks Are Here</li><li><strong>April</strong>: Finding Their Perch</li><li><strong>May</strong>: First Day Outside</li><li><strong>June</strong>: Moving Into Home</li><li><strong>July</strong>: Growing Confident</li><li><strong>August</strong>: Nearly Grown</li><li><strong>September</strong>: Checking the Nest</li><li><strong>October</strong>: The First Egg</li><li><strong>November</strong>: A Steady Rhythm</li><li><strong>December</strong>: Home as a Flock</li></ul><p><strong>Details</strong></p><ul><li>Size: 11 x 8.5 in (opens to 11 x 17 in)</li><li>Wire-bound, hanging hole</li><li>Printed on demand and shipped to you</li></ul>",Calendaria,Wall Calendar,"chicken calendar, backyard chickens, first flock, chicken keeper, homestead gift, hen calendar, coop calendar, pullet calendar, farm wall calendar, new chicken owner, chicken lover gift, 2027 farm calendar, raising chickens",FALSE,FALSE,Size,"11"" x 8.5""",Choose your format,Spiral,Paper,Matte,WCB-2BC-72A28-11SM,29.95,39.95,22.16,29.56,41.93,55.93,https://cdn.crayonahub.com/calendars/chickens/from-first-egg-to-full-flock/01_front_cover_spiral.jpg,https://cdn.crayonahub.com/calendars/chickens/from-first-egg-to-full-flock/01_front_cover_spiral.jpg,,
2027-backyard-chicken-calendar-first-flock-journey-new-chicken-keeper-gift-homestead-wall-calendar,,,Calendaria,,,,,,"11"" x 8.5""",,Printable,,,WCB-2BC-72A28-11PD,7.95,12.95,5.88,9.58,11.13,18.13,,https://cdn.crayonahub.com/calendars/chickens/from-first-egg-to-full-flock/01_front_cover_spiral.jpg,https://cdn.crayonahub.com/calendars/chickens/from-first-egg-to-full-flock/in_tai_nha_11x8.5.pdf,
2027-backyard-chicken-calendar-first-flock-journey-new-chicken-keeper-gift-homestead-wall-calendar,,,Calendaria,,,,,,"14"" x 11.5""",,Spiral,,Matte,WCB-2BC-72A28-14SM,39.95,49.95,29.56,36.96,55.93,69.93,,https://cdn.crayonahub.com/calendars/chickens/from-first-egg-to-full-flock/01_front_cover_spiral.jpg,,
2027-backyard-chicken-calendar-first-flock-journey-new-chicken-keeper-gift-homestead-wall-calendar,,,Calendaria,,,,,,"14"" x 11.5""",,Spiral,,Glossy,WCB-2BC-72A28-14SG,42.95,52.95,31.78,39.18,60.13,74.13,,https://cdn.crayonahub.com/calendars/chickens/from-first-egg-to-full-flock/01_front_cover_spiral.jpg,,
2027-backyard-chicken-calendar-first-flock-journey-new-chicken-keeper-gift-homestead-wall-calendar,,,Calendaria,,,,,,"14"" x 11.5""",,Printable,,,WCB-2BC-72A28-14PD,7.95,12.95,5.88,9.58,11.13,18.13,,https://cdn.crayonahub.com/calendars/chickens/from-first-egg-to-full-flock/01_front_cover_spiral.jpg,https://cdn.crayonahub.com/calendars/chickens/from-first-egg-to-full-flock/in_tai_nha_14x11.5.pdf,
2027-backyard-chicken-calendar-first-flock-journey-new-chicken-keeper-gift-homestead-wall-calendar,,,Calendaria,,,,,,,,,,,,,,,,,,https://cdn.crayonahub.com/calendars/chickens/from-first-egg-to-full-flock/02_open_spread_flat.jpg,,,
2027-backyard-chicken-calendar-first-flock-journey-new-chicken-keeper-gift-homestead-wall-calendar,,,Calendaria,,,,,,,,,,,,,,,,,,https://cdn.crayonahub.com/calendars/chickens/from-first-egg-to-full-flock/03_three_open_spreads.jpg,,,
2027-backyard-chicken-calendar-first-flock-journey-new-chicken-keeper-gift-homestead-wall-calendar,,,Calendaria,,,,,,,,,,,,,,,,,,https://cdn.crayonahub.com/calendars/chickens/from-first-egg-to-full-flock/04_wall_spread.jpg,,,
2027-backyard-chicken-calendar-first-flock-journey-new-chicken-keeper-gift-homestead-wall-calendar,,,Calendaria,,,,,,,,,,,,,,,,,,https://cdn.crayonahub.com/calendars/chickens/from-first-egg-to-full-flock/05_wall_page_turn.jpg,,,
a-garden-of-prayer-2027-christian-wall-calendar-kjv-bible-verses-papercut-prayer-garden-prayer-list-calendar,"A Garden of Prayer 2027 Christian Wall Calendar, KJV Bible Verses, Papercut Prayer Garden, Prayer List Calendar","<p>A Garden of Prayer — Twelve Seasons of Quiet Reflection. A 2027 wall calendar with original layered papercut prayer garden artwork for every month.</p><p><strong>What's inside</strong></p><ul><li>12 full-page original artworks, one for each month</li><li>Monthly grid with US holidays and a Prayer List column on every month</li><li>King James Version scripture for each month</li><li>Front cover and a back cover with all 12 artworks</li></ul><p><strong>Months</strong></p><ul><li><strong>January</strong>: Be Still — Psalms 46:10 (KJV)</li><li><strong>February</strong>: Held With Care — 1 Peter 5:7 (KJV)</li><li><strong>March</strong>: Open to Hope — Revelation 3:8 (KJV)</li><li><strong>April</strong>: Made New — 2 Corinthians 5:17 (KJV)</li><li><strong>May</strong>: Tended in Love — John 15:5 (KJV)</li><li><strong>June</strong>: Rest Beneath — Matthew 11:28 (KJV)</li><li><strong>July</strong>: Lift Your Praise — Psalms 150:6 (KJV)</li><li><strong>August</strong>: Listen Quietly — 1 Samuel 3:10 (KJV)</li><li><strong>September</strong>: Gather With Gratitude — Psalms 126:6 (KJV)</li><li><strong>October</strong>: Release and Trust — Ecclesiastes 3:1 (KJV)</li><li><strong>November</strong>: Give Thanks — Psalms 100:4 (KJV)</li><li><strong>December</strong>: Rest in Peace — Luke 2:14 (KJV)</li></ul><p><strong>Details</strong></p><ul><li>Size: 11 x 8.5 in (opens to 11 x 17 in)</li><li>Wire-bound, hanging hole</li><li>Printed on demand and shipped to you</li></ul>",Calendaria,Wall Calendar,"prayer calendar, christian calendar, bible verse calendar, kjv calendar, prayer garden, faith wall calendar, christian gift, prayer list, papercut garden, scripture calendar, women of faith, church gift, quiet time gift",FALSE,FALSE,Size,"11"" x 8.5""",Choose your format,Spiral,Paper,Matte,WCB-AGO-7883D-11SM,29.95,39.95,22.16,29.56,41.93,55.93,https://cdn.crayonahub.com/calendars/christian/a-garden-of-prayer/01_front_cover_spiral.jpg,https://cdn.crayonahub.com/calendars/christian/a-garden-of-prayer/01_front_cover_spiral.jpg,,
a-garden-of-prayer-2027-christian-wall-calendar-kjv-bible-verses-papercut-prayer-garden-prayer-list-calendar,,,Calendaria,,,,,,"11"" x 8.5""",,Printable,,,WCB-AGO-7883D-11PD,7.95,12.95,5.88,9.58,11.13,18.13,,https://cdn.crayonahub.com/calendars/christian/a-garden-of-prayer/01_front_cover_spiral.jpg,https://cdn.crayonahub.com/calendars/christian/a-garden-of-prayer/in_tai_nha_11x8.5.pdf,
a-garden-of-prayer-2027-christian-wall-calendar-kjv-bible-verses-papercut-prayer-garden-prayer-list-calendar,,,Calendaria,,,,,,"14"" x 11.5""",,Spiral,,Matte,WCB-AGO-7883D-14SM,39.95,49.95,29.56,36.96,55.93,69.93,,https://cdn.crayonahub.com/calendars/christian/a-garden-of-prayer/01_front_cover_spiral.jpg,,
a-garden-of-prayer-2027-christian-wall-calendar-kjv-bible-verses-papercut-prayer-garden-prayer-list-calendar,,,Calendaria,,,,,,"14"" x 11.5""",,Spiral,,Glossy,WCB-AGO-7883D-14SG,42.95,52.95,31.78,39.18,60.13,74.13,,https://cdn.crayonahub.com/calendars/christian/a-garden-of-prayer/01_front_cover_spiral.jpg,,
a-garden-of-prayer-2027-christian-wall-calendar-kjv-bible-verses-papercut-prayer-garden-prayer-list-calendar,,,Calendaria,,,,,,"14"" x 11.5""",,Printable,,,WCB-AGO-7883D-14PD,7.95,12.95,5.88,9.58,11.13,18.13,,https://cdn.crayonahub.com/calendars/christian/a-garden-of-prayer/01_front_cover_spiral.jpg,https://cdn.crayonahub.com/calendars/christian/a-garden-of-prayer/in_tai_nha_14x11.5.pdf,
a-garden-of-prayer-2027-christian-wall-calendar-kjv-bible-verses-papercut-prayer-garden-prayer-list-calendar,,,Calendaria,,,,,,,,,,,,,,,,,,https://cdn.crayonahub.com/calendars/christian/a-garden-of-prayer/02_open_spread_flat.jpg,,,
a-garden-of-prayer-2027-christian-wall-calendar-kjv-bible-verses-papercut-prayer-garden-prayer-list-calendar,,,Calendaria,,,,,,,,,,,,,,,,,,https://cdn.crayonahub.com/calendars/christian/a-garden-of-prayer/03_three_open_spreads.jpg,,,
a-garden-of-prayer-2027-christian-wall-calendar-kjv-bible-verses-papercut-prayer-garden-prayer-list-calendar,,,Calendaria,,,,,,,,,,,,,,,,,,https://cdn.crayonahub.com/calendars/christian/a-garden-of-prayer/04_wall_spread.jpg,,,
a-garden-of-prayer-2027-christian-wall-calendar-kjv-bible-verses-papercut-prayer-garden-prayer-list-calendar,,,Calendaria,,,,,,,,,,,,,,,,,,https://cdn.crayonahub.com/calendars/christian/a-garden-of-prayer/05_wall_page_turn.jpg,,,
built-on-the-rock-2027-christian-wall-calendar-bible-verse-family-organizer-papercut-housewarming-and-wedding-gift,"Built on the Rock 2027 Christian Wall Calendar, Bible Verse Family Organizer, Papercut Housewarming and Wedding Gift","<p>Built on the Rock — A Year of Faithful Homebuilding. A 2027 wall calendar with original layered hearth papercut artwork for every month.</p><p><strong>What's inside</strong></p><ul><li>12 full-page original artworks, one for each month</li><li>Monthly grid with US holidays and large date boxes for appointments and notes</li><li>King James Version scripture for each month</li><li>Front cover and a back cover with all 12 artworks</li></ul><p><strong>Months</strong></p><ul><li><strong>January</strong>: Begin on Rock — Matthew 7:24-25 (KJV)</li><li><strong>February</strong>: Joined in Covenant — Genesis 2:24 (KJV)</li><li><strong>March</strong>: Open to New Life — 2 Corinthians 5:17 (KJV)</li><li><strong>April</strong>: Grow with Grace — John 15:5 (KJV)</li><li><strong>May</strong>: Tend What Grows — Psalms 127:3 (KJV)</li><li><strong>June</strong>: Make Room — Hebrews 13:2 (KJV)</li><li><strong>July</strong>: Held Through Storms — Psalms 46:1 (KJV)</li><li><strong>August</strong>: Repair with Care — Isaiah 58:12 (KJV)</li><li><strong>September</strong>: Gather with Gratitude — Proverbs 3:9 (KJV)</li><li><strong>October</strong>: Remain Steadfast — Psalms 125:1 (KJV)</li><li><strong>November</strong>: Give Thanks Together — Psalms 100:4 (KJV)</li><li><strong>December</strong>: Dwell in Peace — Luke 2:14 (KJV)</li></ul><p><strong>Details</strong></p><ul><li>Size: 11 x 8.5 in (opens to 11 x 17 in)</li><li>Wire-bound, hanging hole</li><li>Printed on demand and shipped to you</li></ul>",Calendaria,Wall Calendar,"christian calendar, faith home decor, housewarming gift, wedding gift, family calendar, bible verse decor, christian home, papercut art, 2027 wall calendar, scripture calendar, newlywed gift, kitchen calendar, family organizer",FALSE,FALSE,Size,"11"" x 8.5""",Choose your format,Spiral,Paper,Matte,WCB-BOT-B042A-11SM,29.95,39.95,22.16,29.56,41.93,55.93,https://cdn.crayonahub.com/calendars/christian/built-on-the-rock/01_front_cover_spiral.jpg,https://cdn.crayonahub.com/calendars/christian/built-on-the-rock/01_front_cover_spiral.jpg,,
built-on-the-rock-2027-christian-wall-calendar-bible-verse-family-organizer-papercut-housewarming-and-wedding-gift,,,Calendaria,,,,,,"11"" x 8.5""",,Printable,,,WCB-BOT-B042A-11PD,7.95,12.95,5.88,9.58,11.13,18.13,,https://cdn.crayonahub.com/calendars/christian/built-on-the-rock/01_front_cover_spiral.jpg,https://cdn.crayonahub.com/calendars/christian/built-on-the-rock/in_tai_nha_11x8.5.pdf,
built-on-the-rock-2027-christian-wall-calendar-bible-verse-family-organizer-papercut-housewarming-and-wedding-gift,,,Calendaria,,,,,,"14"" x 11.5""",,Spiral,,Matte,WCB-BOT-B042A-14SM,39.95,49.95,29.56,36.96,55.93,69.93,,https://cdn.crayonahub.com/calendars/christian/built-on-the-rock/01_front_cover_spiral.jpg,,
built-on-the-rock-2027-christian-wall-calendar-bible-verse-family-organizer-papercut-housewarming-and-wedding-gift,,,Calendaria,,,,,,"14"" x 11.5""",,Spiral,,Glossy,WCB-BOT-B042A-14SG,42.95,52.95,31.78,39.18,60.13,74.13,,https://cdn.crayonahub.com/calendars/christian/built-on-the-rock/01_front_cover_spiral.jpg,,
built-on-the-rock-2027-christian-wall-calendar-bible-verse-family-organizer-papercut-housewarming-and-wedding-gift,,,Calendaria,,,,,,"14"" x 11.5""",,Printable,,,WCB-BOT-B042A-14PD,7.95,12.95,5.88,9.58,11.13,18.13,,https://cdn.crayonahub.com/calendars/christian/built-on-the-rock/01_front_cover_spiral.jpg,https://cdn.crayonahub.com/calendars/christian/built-on-the-rock/in_tai_nha_14x11.5.pdf,
built-on-the-rock-2027-christian-wall-calendar-bible-verse-family-organizer-papercut-housewarming-and-wedding-gift,,,Calendaria,,,,,,,,,,,,,,,,,,https://cdn.crayonahub.com/calendars/christian/built-on-the-rock/02_open_spread_flat.jpg,,,
built-on-the-rock-2027-christian-wall-calendar-bible-verse-family-organizer-papercut-housewarming-and-wedding-gift,,,Calendaria,,,,,,,,,,,,,,,,,,https://cdn.crayonahub.com/calendars/christian/built-on-the-rock/03_three_open_spreads.jpg,,,
built-on-the-rock-2027-christian-wall-calendar-bible-verse-family-organizer-papercut-housewarming-and-wedding-gift,,,Calendaria,,,,,,,,,,,,,,,,,,https://cdn.crayonahub.com/calendars/christian/built-on-the-rock/04_wall_spread.jpg,,,
built-on-the-rock-2027-christian-wall-calendar-bible-verse-family-organizer-papercut-housewarming-and-wedding-gift,,,Calendaria,,,,,,,,,,,,,,,,,,https://cdn.crayonahub.com/calendars/christian/built-on-the-rock/05_wall_page_turn.jpg,,,
under-his-wings-2027-christian-wall-calendar-sparrow-papercut-devotional-kjv-scripture-prayer-list-calendar,"Under His Wings 2027 Christian Wall Calendar, Sparrow Papercut Devotional, KJV Scripture, Prayer List Calendar","<p>Under His Wings — A Year of Trust and Shelter. A 2027 wall calendar with original sheltering papercut devotional artwork for every month.</p><p><strong>What's inside</strong></p><ul><li>12 full-page original artworks, one for each month</li><li>Monthly grid with US holidays and a Prayer List column on every month</li><li>King James Version scripture for each month</li><li>Front cover and a back cover with all 12 artworks</li></ul><p><strong>Months</strong></p><ul><li><strong>January</strong>: Safe Beneath His Care — Psalms 91:4 (KJV)</li><li><strong>February</strong>: Held Together — Matthew 10:29-31 (KJV)</li><li><strong>March</strong>: Hope Lives Again — Matthew 28:6 (KJV)</li><li><strong>April</strong>: Guard What Is Precious — Psalms 84:3 (KJV)</li><li><strong>May</strong>: He Provides — Matthew 6:26 (KJV)</li><li><strong>June</strong>: Follow His Leading — Isaiah 30:21 (KJV)</li><li><strong>July</strong>: Stand With Courage — Isaiah 40:31 (KJV)</li><li><strong>August</strong>: Rest and Be Renewed — Psalms 23:2 (KJV)</li><li><strong>September</strong>: Trust the Next Step — Proverbs 3:5-6 (KJV)</li><li><strong>October</strong>: Hold Fast — Psalms 46:1 (KJV)</li><li><strong>November</strong>: Gathered With Gratitude — 1 Thessalonians 5:18 (KJV)</li><li><strong>December</strong>: Rest in His Peace — Luke 2:14 (KJV)</li></ul><p><strong>Details</strong></p><ul><li>Size: 11 x 8.5 in (opens to 11 x 17 in)</li><li>Wire-bound, hanging hole</li><li>Printed on demand and shipped to you</li></ul>",Calendaria,Wall Calendar,"christian calendar, 2027 wall calendar, kjv scripture, faith calendar, prayer calendar, sparrow art, papercut art, christian gift, gift for mom, gift for grandma, devotional decor, scripture calendar, under his wings",FALSE,FALSE,Size,"11"" x 8.5""",Choose your format,Spiral,Paper,Matte,WCB-UHW-E4AED-11SM,29.95,39.95,22.16,29.56,41.93,55.93,https://cdn.crayonahub.com/calendars/christian/under-his-wings/01_front_cover_spiral.jpg,https://cdn.crayonahub.com/calendars/christian/under-his-wings/01_front_cover_spiral.jpg,,
under-his-wings-2027-christian-wall-calendar-sparrow-papercut-devotional-kjv-scripture-prayer-list-calendar,,,Calendaria,,,,,,"11"" x 8.5""",,Printable,,,WCB-UHW-E4AED-11PD,7.95,12.95,5.88,9.58,11.13,18.13,,https://cdn.crayonahub.com/calendars/christian/under-his-wings/01_front_cover_spiral.jpg,https://cdn.crayonahub.com/calendars/christian/under-his-wings/in_tai_nha_11x8.5.pdf,
under-his-wings-2027-christian-wall-calendar-sparrow-papercut-devotional-kjv-scripture-prayer-list-calendar,,,Calendaria,,,,,,"14"" x 11.5""",,Spiral,,Matte,WCB-UHW-E4AED-14SM,39.95,49.95,29.56,36.96,55.93,69.93,,https://cdn.crayonahub.com/calendars/christian/under-his-wings/01_front_cover_spiral.jpg,,
under-his-wings-2027-christian-wall-calendar-sparrow-papercut-devotional-kjv-scripture-prayer-list-calendar,,,Calendaria,,,,,,"14"" x 11.5""",,Spiral,,Glossy,WCB-UHW-E4AED-14SG,42.95,52.95,31.78,39.18,60.13,74.13,,https://cdn.crayonahub.com/calendars/christian/under-his-wings/01_front_cover_spiral.jpg,,
under-his-wings-2027-christian-wall-calendar-sparrow-papercut-devotional-kjv-scripture-prayer-list-calendar,,,Calendaria,,,,,,"14"" x 11.5""",,Printable,,,WCB-UHW-E4AED-14PD,7.95,12.95,5.88,9.58,11.13,18.13,,https://cdn.crayonahub.com/calendars/christian/under-his-wings/01_front_cover_spiral.jpg,https://cdn.crayonahub.com/calendars/christian/under-his-wings/in_tai_nha_14x11.5.pdf,
under-his-wings-2027-christian-wall-calendar-sparrow-papercut-devotional-kjv-scripture-prayer-list-calendar,,,Calendaria,,,,,,,,,,,,,,,,,,https://cdn.crayonahub.com/calendars/christian/under-his-wings/02_open_spread_flat.jpg,,,
under-his-wings-2027-christian-wall-calendar-sparrow-papercut-devotional-kjv-scripture-prayer-list-calendar,,,Calendaria,,,,,,,,,,,,,,,,,,https://cdn.crayonahub.com/calendars/christian/under-his-wings/03_three_open_spreads.jpg,,,
under-his-wings-2027-christian-wall-calendar-sparrow-papercut-devotional-kjv-scripture-prayer-list-calendar,,,Calendaria,,,,,,,,,,,,,,,,,,https://cdn.crayonahub.com/calendars/christian/under-his-wings/04_wall_spread.jpg,,,
under-his-wings-2027-christian-wall-calendar-sparrow-papercut-devotional-kjv-scripture-prayer-list-calendar,,,Calendaria,,,,,,,,,,,,,,,,,,https://cdn.crayonahub.com/calendars/christian/under-his-wings/05_wall_page_turn.jpg,,,
bread-for-the-journey-2027-christian-wall-calendar-papercut-bread-art-kjv-scripture-prayer-list-calendar,"Bread for the Journey 2027 Christian Wall Calendar, Papercut Bread Art, KJV Scripture, Prayer List Calendar","<p>Bread for the Journey — A Year of Daily Provision. A 2027 wall calendar with original handmade bread papercut artwork for every month.</p><p><strong>What's inside</strong></p><ul><li>12 full-page original artworks, one for each month</li><li>Monthly grid with US holidays and a Prayer List column on every month</li><li>King James Version scripture for each month</li><li>Front cover and a back cover with all 12 artworks</li></ul><p><strong>Months</strong></p><ul><li><strong>January</strong>: Enough for Today — Matthew 6:11 (KJV)</li><li><strong>February</strong>: Share What Comes — Isaiah 58:7 (KJV)</li><li><strong>March</strong>: Let It Rise — Matthew 13:33 (KJV)</li><li><strong>April</strong>: Remember at the Table — Luke 22:19 (KJV)</li><li><strong>May</strong>: Prepared with Care — Proverbs 31:20 (KJV)</li><li><strong>June</strong>: More Than Enough — Matthew 14:19 (KJV)</li><li><strong>July</strong>: Gather and Share — Acts 2:46 (KJV)</li><li><strong>August</strong>: Work Becomes Bread — Proverbs 31:27 (KJV)</li><li><strong>September</strong>: Gather the Harvest — Psalms 104:14-15 (KJV)</li><li><strong>October</strong>: Make Room — Hebrews 13:2 (KJV)</li><li><strong>November</strong>: Give Thanks — Psalms 100:4 (KJV)</li><li><strong>December</strong>: Humble and Enough — Luke 2:7 (KJV)</li></ul><p><strong>Details</strong></p><ul><li>Size: 11 x 8.5 in (opens to 11 x 17 in)</li><li>Wire-bound, hanging hole</li><li>Printed on demand and shipped to you</li></ul>",Calendaria,Wall Calendar,"christian calendar, bible verse calendar, kjv scripture, bread wall calendar, faith kitchen decor, prayer list, papercut calendar, daily bread, church gift, bible study gift, communion gift, christian wall art, faith home decor",FALSE,FALSE,Size,"11"" x 8.5""",Choose your format,Spiral,Paper,Matte,WCB-BFT-88E2C-11SM,29.95,39.95,22.16,29.56,41.93,55.93,https://cdn.crayonahub.com/calendars/jesus/bread-for-the-journey/01_front_cover_spiral.jpg,https://cdn.crayonahub.com/calendars/jesus/bread-for-the-journey/01_front_cover_spiral.jpg,,
bread-for-the-journey-2027-christian-wall-calendar-papercut-bread-art-kjv-scripture-prayer-list-calendar,,,Calendaria,,,,,,"11"" x 8.5""",,Printable,,,WCB-BFT-88E2C-11PD,7.95,12.95,5.88,9.58,11.13,18.13,,https://cdn.crayonahub.com/calendars/jesus/bread-for-the-journey/01_front_cover_spiral.jpg,https://cdn.crayonahub.com/calendars/jesus/bread-for-the-journey/in_tai_nha_11x8.5.pdf,
bread-for-the-journey-2027-christian-wall-calendar-papercut-bread-art-kjv-scripture-prayer-list-calendar,,,Calendaria,,,,,,"14"" x 11.5""",,Spiral,,Matte,WCB-BFT-88E2C-14SM,39.95,49.95,29.56,36.96,55.93,69.93,,https://cdn.crayonahub.com/calendars/jesus/bread-for-the-journey/01_front_cover_spiral.jpg,,
bread-for-the-journey-2027-christian-wall-calendar-papercut-bread-art-kjv-scripture-prayer-list-calendar,,,Calendaria,,,,,,"14"" x 11.5""",,Spiral,,Glossy,WCB-BFT-88E2C-14SG,42.95,52.95,31.78,39.18,60.13,74.13,,https://cdn.crayonahub.com/calendars/jesus/bread-for-the-journey/01_front_cover_spiral.jpg,,
bread-for-the-journey-2027-christian-wall-calendar-papercut-bread-art-kjv-scripture-prayer-list-calendar,,,Calendaria,,,,,,"14"" x 11.5""",,Printable,,,WCB-BFT-88E2C-14PD,7.95,12.95,5.88,9.58,11.13,18.13,,https://cdn.crayonahub.com/calendars/jesus/bread-for-the-journey/01_front_cover_spiral.jpg,https://cdn.crayonahub.com/calendars/jesus/bread-for-the-journey/in_tai_nha_14x11.5.pdf,
bread-for-the-journey-2027-christian-wall-calendar-papercut-bread-art-kjv-scripture-prayer-list-calendar,,,Calendaria,,,,,,,,,,,,,,,,,,https://cdn.crayonahub.com/calendars/jesus/bread-for-the-journey/02_open_spread_flat.jpg,,,
bread-for-the-journey-2027-christian-wall-calendar-papercut-bread-art-kjv-scripture-prayer-list-calendar,,,Calendaria,,,,,,,,,,,,,,,,,,https://cdn.crayonahub.com/calendars/jesus/bread-for-the-journey/03_three_open_spreads.jpg,,,
bread-for-the-journey-2027-christian-wall-calendar-papercut-bread-art-kjv-scripture-prayer-list-calendar,,,Calendaria,,,,,,,,,,,,,,,,,,https://cdn.crayonahub.com/calendars/jesus/bread-for-the-journey/04_wall_spread.jpg,,,
bread-for-the-journey-2027-christian-wall-calendar-papercut-bread-art-kjv-scripture-prayer-list-calendar,,,Calendaria,,,,,,,,,,,,,,,,,,https://cdn.crayonahub.com/calendars/jesus/bread-for-the-journey/05_wall_page_turn.jpg,,,
names-of-jesus-2027-christian-wall-calendar-kjv-scripture-papercut-art-bible-study-gift-and-prayer-calendar,"Names of Jesus 2027 Christian Wall Calendar, KJV Scripture Papercut Art, Bible Study Gift and Prayer Calendar","<p>Names of Jesus — Twelve Names for Daily Reflection. A 2027 wall calendar with original sacred cotton-paper relief artwork for every month.</p><p><strong>What's inside</strong></p><ul><li>12 full-page original artworks, one for each month</li><li>Monthly grid with US holidays and a Prayer List column on every month</li><li>King James Version scripture for each month</li><li>Front cover and a back cover with all 12 artworks</li></ul><p><strong>Months</strong></p><ul><li><strong>January</strong>: God With Us — Matthew 1:23 (KJV)</li><li><strong>February</strong>: Faithful in Love — John 3:29 (KJV)</li><li><strong>March</strong>: Life Rises Again — John 11:25 (KJV)</li><li><strong>April</strong>: Daily Bread — John 6:35 (KJV)</li><li><strong>May</strong>: Known and Led — John 10:11 (KJV)</li><li><strong>June</strong>: Walk in Light — John 8:12 (KJV)</li><li><strong>July</strong>: Never Thirst Again — John 4:14 (KJV)</li><li><strong>August</strong>: Abide and Bear Fruit — John 15:5 (KJV)</li><li><strong>September</strong>: Sit and Learn — John 13:13 (KJV)</li><li><strong>October</strong>: Enter Through Christ — John 10:9 (KJV)</li><li><strong>November</strong>: Crowned Above All — Revelation 19:16 (KJV)</li><li><strong>December</strong>: Peace Has Come — Isaiah 9:6 (KJV)</li></ul><p><strong>Details</strong></p><ul><li>Size: 11 x 8.5 in (opens to 11 x 17 in)</li><li>Wire-bound, hanging hole</li><li>Printed on demand and shipped to you</li></ul>",Calendaria,Wall Calendar,"names of jesus, christian calendar, bible verse decor, kjv scripture, faith wall decor, bible study gift, jesus wall art, prayer calendar, christian gift, church group gift, papercut art, scripture calendar, faith calendar",FALSE,FALSE,Size,"11"" x 8.5""",Choose your format,Spiral,Paper,Matte,WCB-NOJ-1BE76-11SM,29.95,39.95,22.16,29.56,41.93,55.93,https://cdn.crayonahub.com/calendars/jesus/names-of-jesus/01_front_cover_spiral.jpg,https://cdn.crayonahub.com/calendars/jesus/names-of-jesus/01_front_cover_spiral.jpg,,
names-of-jesus-2027-christian-wall-calendar-kjv-scripture-papercut-art-bible-study-gift-and-prayer-calendar,,,Calendaria,,,,,,"11"" x 8.5""",,Printable,,,WCB-NOJ-1BE76-11PD,7.95,12.95,5.88,9.58,11.13,18.13,,https://cdn.crayonahub.com/calendars/jesus/names-of-jesus/01_front_cover_spiral.jpg,https://cdn.crayonahub.com/calendars/jesus/names-of-jesus/in_tai_nha_11x8.5.pdf,
names-of-jesus-2027-christian-wall-calendar-kjv-scripture-papercut-art-bible-study-gift-and-prayer-calendar,,,Calendaria,,,,,,"14"" x 11.5""",,Spiral,,Matte,WCB-NOJ-1BE76-14SM,39.95,49.95,29.56,36.96,55.93,69.93,,https://cdn.crayonahub.com/calendars/jesus/names-of-jesus/01_front_cover_spiral.jpg,,
names-of-jesus-2027-christian-wall-calendar-kjv-scripture-papercut-art-bible-study-gift-and-prayer-calendar,,,Calendaria,,,,,,"14"" x 11.5""",,Spiral,,Glossy,WCB-NOJ-1BE76-14SG,42.95,52.95,31.78,39.18,60.13,74.13,,https://cdn.crayonahub.com/calendars/jesus/names-of-jesus/01_front_cover_spiral.jpg,,
names-of-jesus-2027-christian-wall-calendar-kjv-scripture-papercut-art-bible-study-gift-and-prayer-calendar,,,Calendaria,,,,,,"14"" x 11.5""",,Printable,,,WCB-NOJ-1BE76-14PD,7.95,12.95,5.88,9.58,11.13,18.13,,https://cdn.crayonahub.com/calendars/jesus/names-of-jesus/01_front_cover_spiral.jpg,https://cdn.crayonahub.com/calendars/jesus/names-of-jesus/in_tai_nha_14x11.5.pdf,
names-of-jesus-2027-christian-wall-calendar-kjv-scripture-papercut-art-bible-study-gift-and-prayer-calendar,,,Calendaria,,,,,,,,,,,,,,,,,,https://cdn.crayonahub.com/calendars/jesus/names-of-jesus/02_open_spread_flat.jpg,,,
names-of-jesus-2027-christian-wall-calendar-kjv-scripture-papercut-art-bible-study-gift-and-prayer-calendar,,,Calendaria,,,,,,,,,,,,,,,,,,https://cdn.crayonahub.com/calendars/jesus/names-of-jesus/03_three_open_spreads.jpg,,,
names-of-jesus-2027-christian-wall-calendar-kjv-scripture-papercut-art-bible-study-gift-and-prayer-calendar,,,Calendaria,,,,,,,,,,,,,,,,,,https://cdn.crayonahub.com/calendars/jesus/names-of-jesus/04_wall_spread.jpg,,,
names-of-jesus-2027-christian-wall-calendar-kjv-scripture-papercut-art-bible-study-gift-and-prayer-calendar,,,Calendaria,,,,,,,,,,,,,,,,,,https://cdn.crayonahub.com/calendars/jesus/names-of-jesus/05_wall_page_turn.jpg,,,
red-letters-simple-truths-2027-christian-wall-calendar-modern-bible-verse-art-mid-century-faith-decor,"Red Letters Simple Truths 2027 Christian Wall Calendar, Modern Bible Verse Art, Mid Century Faith Decor","<p>Red Letters, Simple Truths — Twelve teachings made vividly visible. A 2027 wall calendar with original red-letter lithograph modern artwork for every month.</p><p><strong>What's inside</strong></p><ul><li>12 full-page original artworks, one for each month</li><li>Monthly grid with US holidays and large date boxes for appointments and notes</li><li>King James Version scripture for each month</li><li>Front cover and a back cover with all 12 artworks</li></ul><p><strong>Months</strong></p><ul><li><strong>January</strong>: Seek First — Matthew 6:33 (KJV)</li><li><strong>February</strong>: Love One Another — John 13:34 (KJV)</li><li><strong>March</strong>: Ask Boldly — Matthew 7:7 (KJV)</li><li><strong>April</strong>: Choose Abundant Life — John 10:10 (KJV)</li><li><strong>May</strong>: Take the Towel — John 13:14-15 (KJV)</li><li><strong>June</strong>: Give Openhandedly — Luke 6:38 (KJV)</li><li><strong>July</strong>: Come and Rest — Matthew 11:28 (KJV)</li><li><strong>August</strong>: Trust His Care — Matthew 6:26 (KJV)</li><li><strong>September</strong>: Learn From Me — Matthew 11:29 (KJV)</li><li><strong>October</strong>: Bridge the Distance — Matthew 6:14 (KJV)</li><li><strong>November</strong>: Give Thanks — Luke 17:15-16 (KJV)</li><li><strong>December</strong>: Rejoice Greatly — Luke 2:10 (KJV)</li></ul><p><strong>Details</strong></p><ul><li>Size: 11 x 8.5 in (opens to 11 x 17 in)</li><li>Wire-bound, hanging hole</li><li>Printed on demand and shipped to you</li></ul>",Calendaria,Wall Calendar,"christian calendar, bible verse calendar, jesus teachings, modern christian, faith wall decor, church gift, pastor gift, scripture calendar, mid century faith, christian wall art, religious calendar, faith gift, bible wall calendar",FALSE,FALSE,Size,"11"" x 8.5""",Choose your format,Spiral,Paper,Matte,WCB-RLS-42B71-11SM,29.95,39.95,22.16,29.56,41.93,55.93,https://cdn.crayonahub.com/calendars/jesus/red-letters-simple-truths/01_front_cover_spiral.jpg,https://cdn.crayonahub.com/calendars/jesus/red-letters-simple-truths/01_front_cover_spiral.jpg,,
red-letters-simple-truths-2027-christian-wall-calendar-modern-bible-verse-art-mid-century-faith-decor,,,Calendaria,,,,,,"11"" x 8.5""",,Printable,,,WCB-RLS-42B71-11PD,7.95,12.95,5.88,9.58,11.13,18.13,,https://cdn.crayonahub.com/calendars/jesus/red-letters-simple-truths/01_front_cover_spiral.jpg,https://cdn.crayonahub.com/calendars/jesus/red-letters-simple-truths/in_tai_nha_11x8.5.pdf,
red-letters-simple-truths-2027-christian-wall-calendar-modern-bible-verse-art-mid-century-faith-decor,,,Calendaria,,,,,,"14"" x 11.5""",,Spiral,,Matte,WCB-RLS-42B71-14SM,39.95,49.95,29.56,36.96,55.93,69.93,,https://cdn.crayonahub.com/calendars/jesus/red-letters-simple-truths/01_front_cover_spiral.jpg,,
red-letters-simple-truths-2027-christian-wall-calendar-modern-bible-verse-art-mid-century-faith-decor,,,Calendaria,,,,,,"14"" x 11.5""",,Spiral,,Glossy,WCB-RLS-42B71-14SG,42.95,52.95,31.78,39.18,60.13,74.13,,https://cdn.crayonahub.com/calendars/jesus/red-letters-simple-truths/01_front_cover_spiral.jpg,,
red-letters-simple-truths-2027-christian-wall-calendar-modern-bible-verse-art-mid-century-faith-decor,,,Calendaria,,,,,,"14"" x 11.5""",,Printable,,,WCB-RLS-42B71-14PD,7.95,12.95,5.88,9.58,11.13,18.13,,https://cdn.crayonahub.com/calendars/jesus/red-letters-simple-truths/01_front_cover_spiral.jpg,https://cdn.crayonahub.com/calendars/jesus/red-letters-simple-truths/in_tai_nha_14x11.5.pdf,
red-letters-simple-truths-2027-christian-wall-calendar-modern-bible-verse-art-mid-century-faith-decor,,,Calendaria,,,,,,,,,,,,,,,,,,https://cdn.crayonahub.com/calendars/jesus/red-letters-simple-truths/02_open_spread_flat.jpg,,,
red-letters-simple-truths-2027-christian-wall-calendar-modern-bible-verse-art-mid-century-faith-decor,,,Calendaria,,,,,,,,,,,,,,,,,,https://cdn.crayonahub.com/calendars/jesus/red-letters-simple-truths/03_three_open_spreads.jpg,,,
red-letters-simple-truths-2027-christian-wall-calendar-modern-bible-verse-art-mid-century-faith-decor,,,Calendaria,,,,,,,,,,,,,,,,,,https://cdn.crayonahub.com/calendars/jesus/red-letters-simple-truths/04_wall_spread.jpg,,,
red-letters-simple-truths-2027-christian-wall-calendar-modern-bible-verse-art-mid-century-faith-decor,,,Calendaria,,,,,,,,,,,,,,,,,,https://cdn.crayonahub.com/calendars/jesus/red-letters-simple-truths/05_wall_page_turn.jpg,,,
signs-wonders-2027-christian-wall-calendar-mid-century-bible-miracle-art-retro-gospel-scripture-calendar,"Signs & Wonders 2027 Christian Wall Calendar, Mid Century Bible Miracle Art, Retro Gospel Scripture Calendar","<p>Signs &amp; Wonders — Twelve Miracles in Bold Retro Color. A 2027 wall calendar with original mid-century gospel screenprint artwork for every month.</p><p><strong>What's inside</strong></p><ul><li>12 full-page original artworks, one for each month</li><li>Monthly grid with US holidays and large date boxes for appointments and notes</li><li>King James Version scripture for each month</li><li>Front cover and a back cover with all 12 artworks</li></ul><p><strong>Months</strong></p><ul><li><strong>January</strong>: Abundance Revealed — John 2:7-9 (KJV)</li><li><strong>February</strong>: Nets Overflow — Luke 5:6 (KJV)</li><li><strong>March</strong>: Rise and Walk — Mark 2:11-12 (KJV)</li><li><strong>April</strong>: More Than Enough — John 6:9-11 (KJV)</li><li><strong>May</strong>: Peace, Be Still — Mark 4:39 (KJV)</li><li><strong>June</strong>: Across the Waters — Matthew 14:25 (KJV)</li><li><strong>July</strong>: Now I See — John 9:25 (KJV)</li><li><strong>August</strong>: Made Whole — John 5:8-9 (KJV)</li><li><strong>September</strong>: One Turned Back — Luke 17:15-16 (KJV)</li><li><strong>October</strong>: Come Forth — John 11:43-44 (KJV)</li><li><strong>November</strong>: Provision Appears — Matthew 17:27 (KJV)</li><li><strong>December</strong>: Healing From Afar — Matthew 8:8 (KJV)</li></ul><p><strong>Details</strong></p><ul><li>Size: 11 x 8.5 in (opens to 11 x 17 in)</li><li>Wire-bound, hanging hole</li><li>Printed on demand and shipped to you</li></ul>",Calendaria,Wall Calendar,"christian calendar, bible wall calendar, gospel miracles, scripture calendar, mid century bible, retro christian art, faith wall decor, jesus miracles, kjv calendar, sunday school gift, christian family, religious wall art, biblical poster art",FALSE,FALSE,Size,"11"" x 8.5""",Choose your format,Spiral,Paper,Matte,WCB-SW2-491E1-11SM,29.95,39.95,22.16,29.56,41.93,55.93,https://cdn.crayonahub.com/calendars/jesus/signs-wonders/01_front_cover_spiral.jpg,https://cdn.crayonahub.com/calendars/jesus/signs-wonders/01_front_cover_spiral.jpg,,
signs-wonders-2027-christian-wall-calendar-mid-century-bible-miracle-art-retro-gospel-scripture-calendar,,,Calendaria,,,,,,"11"" x 8.5""",,Printable,,,WCB-SW2-491E1-11PD,7.95,12.95,5.88,9.58,11.13,18.13,,https://cdn.crayonahub.com/calendars/jesus/signs-wonders/01_front_cover_spiral.jpg,https://cdn.crayonahub.com/calendars/jesus/signs-wonders/in_tai_nha_11x8.5.pdf,
signs-wonders-2027-christian-wall-calendar-mid-century-bible-miracle-art-retro-gospel-scripture-calendar,,,Calendaria,,,,,,"14"" x 11.5""",,Spiral,,Matte,WCB-SW2-491E1-14SM,39.95,49.95,29.56,36.96,55.93,69.93,,https://cdn.crayonahub.com/calendars/jesus/signs-wonders/01_front_cover_spiral.jpg,,
signs-wonders-2027-christian-wall-calendar-mid-century-bible-miracle-art-retro-gospel-scripture-calendar,,,Calendaria,,,,,,"14"" x 11.5""",,Spiral,,Glossy,WCB-SW2-491E1-14SG,42.95,52.95,31.78,39.18,60.13,74.13,,https://cdn.crayonahub.com/calendars/jesus/signs-wonders/01_front_cover_spiral.jpg,,
signs-wonders-2027-christian-wall-calendar-mid-century-bible-miracle-art-retro-gospel-scripture-calendar,,,Calendaria,,,,,,"14"" x 11.5""",,Printable,,,WCB-SW2-491E1-14PD,7.95,12.95,5.88,9.58,11.13,18.13,,https://cdn.crayonahub.com/calendars/jesus/signs-wonders/01_front_cover_spiral.jpg,https://cdn.crayonahub.com/calendars/jesus/signs-wonders/in_tai_nha_14x11.5.pdf,
signs-wonders-2027-christian-wall-calendar-mid-century-bible-miracle-art-retro-gospel-scripture-calendar,,,Calendaria,,,,,,,,,,,,,,,,,,https://cdn.crayonahub.com/calendars/jesus/signs-wonders/02_open_spread_flat.jpg,,,
signs-wonders-2027-christian-wall-calendar-mid-century-bible-miracle-art-retro-gospel-scripture-calendar,,,Calendaria,,,,,,,,,,,,,,,,,,https://cdn.crayonahub.com/calendars/jesus/signs-wonders/03_three_open_spreads.jpg,,,
signs-wonders-2027-christian-wall-calendar-mid-century-bible-miracle-art-retro-gospel-scripture-calendar,,,Calendaria,,,,,,,,,,,,,,,,,,https://cdn.crayonahub.com/calendars/jesus/signs-wonders/04_wall_spread.jpg,,,
signs-wonders-2027-christian-wall-calendar-mid-century-bible-miracle-art-retro-gospel-scripture-calendar,,,Calendaria,,,,,,,,,,,,,,,,,,https://cdn.crayonahub.com/calendars/jesus/signs-wonders/05_wall_page_turn.jpg,,,
the-carpenter-s-bench-2027-christian-wall-calendar-kjv-scripture-woodworking-faith-gift-for-men-fathers-and-craftsmen,"The Carpenter's Bench 2027 Christian Wall Calendar | KJV Scripture, Woodworking Faith Gift for Men, Fathers and Craftsmen","<p>The Carpenter&#x27;s Bench — Twelve Lessons in Humble Craft. A 2027 wall calendar with original luminous workshop editorial artwork for every month.</p><p><strong>What's inside</strong></p><ul><li>12 full-page original artworks, one for each month</li><li>Monthly grid with US holidays and a Notes column on every month</li><li>King James Version scripture for each month</li><li>Front cover and a back cover with all 12 artworks</li></ul><p><strong>Months</strong></p><ul><li><strong>January</strong>: Measure Before Building — Luke 14:28 (KJV)</li><li><strong>February</strong>: Fit Together Well — Ephesians 2:21 (KJV)</li><li><strong>March</strong>: Made Fresh Again — 2 Corinthians 4:16 (KJV)</li><li><strong>April</strong>: Set It Firm — Luke 6:48 (KJV)</li><li><strong>May</strong>: Shaped With Patience — Job 10:8 (KJV)</li><li><strong>June</strong>: Build What Shelters — Psalms 127:1 (KJV)</li><li><strong>July</strong>: Lay Tools Aside — Mark 6:31 (KJV)</li><li><strong>August</strong>: Steady Through Use — Galatians 6:9 (KJV)</li><li><strong>September</strong>: Ready For Good Work — 2 Timothy 2:21 (KJV)</li><li><strong>October</strong>: Strengthen What Remains — Isaiah 58:12 (KJV)</li><li><strong>November</strong>: A Table Prepared — Matthew 6:11 (KJV)</li><li><strong>December</strong>: Humble Hands, Holy Purpose — Luke 2:7 (KJV)</li></ul><p><strong>Details</strong></p><ul><li>Size: 11 x 8.5 in (opens to 11 x 17 in)</li><li>Wire-bound, hanging hole</li><li>Printed on demand and shipped to you</li></ul>",Calendaria,Wall Calendar,"christian calendar, woodworking gift, carpenter gift, faith wall calendar, kjv scripture, christian men gift, gift for craftsmen, father faith gift, workshop decor, office faith decor, biblical calendar, church volunteer, humble craftsmanship",FALSE,FALSE,Size,"11"" x 8.5""",Choose your format,Spiral,Paper,Matte,WCB-TCS-700E6-11SM,29.95,39.95,22.16,29.56,41.93,55.93,https://cdn.crayonahub.com/calendars/jesus/the-carpenter-s-bench/01_front_cover_spiral.jpg,https://cdn.crayonahub.com/calendars/jesus/the-carpenter-s-bench/01_front_cover_spiral.jpg,,
the-carpenter-s-bench-2027-christian-wall-calendar-kjv-scripture-woodworking-faith-gift-for-men-fathers-and-craftsmen,,,Calendaria,,,,,,"11"" x 8.5""",,Printable,,,WCB-TCS-700E6-11PD,7.95,12.95,5.88,9.58,11.13,18.13,,https://cdn.crayonahub.com/calendars/jesus/the-carpenter-s-bench/01_front_cover_spiral.jpg,https://cdn.crayonahub.com/calendars/jesus/the-carpenter-s-bench/in_tai_nha_11x8.5.pdf,
the-carpenter-s-bench-2027-christian-wall-calendar-kjv-scripture-woodworking-faith-gift-for-men-fathers-and-craftsmen,,,Calendaria,,,,,,"14"" x 11.5""",,Spiral,,Matte,WCB-TCS-700E6-14SM,39.95,49.95,29.56,36.96,55.93,69.93,,https://cdn.crayonahub.com/calendars/jesus/the-carpenter-s-bench/01_front_cover_spiral.jpg,,
the-carpenter-s-bench-2027-christian-wall-calendar-kjv-scripture-woodworking-faith-gift-for-men-fathers-and-craftsmen,,,Calendaria,,,,,,"14"" x 11.5""",,Spiral,,Glossy,WCB-TCS-700E6-14SG,42.95,52.95,31.78,39.18,60.13,74.13,,https://cdn.crayonahub.com/calendars/jesus/the-carpenter-s-bench/01_front_cover_spiral.jpg,,
the-carpenter-s-bench-2027-christian-wall-calendar-kjv-scripture-woodworking-faith-gift-for-men-fathers-and-craftsmen,,,Calendaria,,,,,,"14"" x 11.5""",,Printable,,,WCB-TCS-700E6-14PD,7.95,12.95,5.88,9.58,11.13,18.13,,https://cdn.crayonahub.com/calendars/jesus/the-carpenter-s-bench/01_front_cover_spiral.jpg,https://cdn.crayonahub.com/calendars/jesus/the-carpenter-s-bench/in_tai_nha_14x11.5.pdf,
the-carpenter-s-bench-2027-christian-wall-calendar-kjv-scripture-woodworking-faith-gift-for-men-fathers-and-craftsmen,,,Calendaria,,,,,,,,,,,,,,,,,,https://cdn.crayonahub.com/calendars/jesus/the-carpenter-s-bench/02_open_spread_flat.jpg,,,
the-carpenter-s-bench-2027-christian-wall-calendar-kjv-scripture-woodworking-faith-gift-for-men-fathers-and-craftsmen,,,Calendaria,,,,,,,,,,,,,,,,,,https://cdn.crayonahub.com/calendars/jesus/the-carpenter-s-bench/03_three_open_spreads.jpg,,,
the-carpenter-s-bench-2027-christian-wall-calendar-kjv-scripture-woodworking-faith-gift-for-men-fathers-and-craftsmen,,,Calendaria,,,,,,,,,,,,,,,,,,https://cdn.crayonahub.com/calendars/jesus/the-carpenter-s-bench/04_wall_spread.jpg,,,
the-carpenter-s-bench-2027-christian-wall-calendar-kjv-scripture-woodworking-faith-gift-for-men-fathers-and-craftsmen,,,Calendaria,,,,,,,,,,,,,,,,,,https://cdn.crayonahub.com/calendars/jesus/the-carpenter-s-bench/05_wall_page_turn.jpg,,,
the-rooms-he-entered-christian-wall-calendar-gospel-inspired-biblical-interiors-faith-decor-gift,The Rooms He Entered Christian Wall Calendar | Gospel-Inspired Biblical Interiors | Faith Decor Gift,"<p>The Rooms He Entered — Twelve Gospel Spaces of Presence. A 2027 wall calendar with original sunwashed gospel rooms artwork for every month.</p><p><strong>What's inside</strong></p><ul><li>12 full-page original artworks, one for each month</li><li>Monthly grid with US holidays and a Notes column on every month</li><li>King James Version scripture for each month</li><li>Front cover and a back cover with all 12 artworks</li></ul><p><strong>Months</strong></p><ul><li><strong>January</strong>: Humble Beginnings — Luke 2:7 (KJV)</li><li><strong>February</strong>: Make Room — Luke 10:38 (KJV)</li><li><strong>March</strong>: He Is Risen — Matthew 28:6 (KJV)</li><li><strong>April</strong>: Breakfast by the Sea — John 21:12 (KJV)</li><li><strong>May</strong>: Sit and Listen — Luke 10:39 (KJV)</li><li><strong>June</strong>: Rest at the Table — Mark 6:31 (KJV)</li><li><strong>July</strong>: Living Water — John 4:14 (KJV)</li><li><strong>August</strong>: Faithful Work — Mark 6:3 (KJV)</li><li><strong>September</strong>: Words of Life — Luke 4:16 (KJV)</li><li><strong>October</strong>: Rise and Walk — Mark 2:11 (KJV)</li><li><strong>November</strong>: Give Thanks Together — Luke 22:19 (KJV)</li><li><strong>December</strong>: God With Us — Matthew 1:23 (KJV)</li></ul><p><strong>Details</strong></p><ul><li>Size: 11 x 8.5 in (opens to 11 x 17 in)</li><li>Wire-bound, hanging hole</li><li>Printed on demand and shipped to you</li></ul>",Calendaria,Wall Calendar,"christian calendar, faith wall calendar, gospel decor, biblical interiors, jesus calendar, christian wall art, faith home decor, bible verse gift, religious calendar, christian gift, easter gift, housewarming faith, christmas faith gift",FALSE,FALSE,Size,"11"" x 8.5""",Choose your format,Spiral,Paper,Matte,WCB-TRH-F6E09-11SM,29.95,39.95,22.16,29.56,41.93,55.93,https://cdn.crayonahub.com/calendars/jesus/the-rooms-he-entered/01_front_cover_spiral.jpg,https://cdn.crayonahub.com/calendars/jesus/the-rooms-he-entered/01_front_cover_spiral.jpg,,
the-rooms-he-entered-christian-wall-calendar-gospel-inspired-biblical-interiors-faith-decor-gift,,,Calendaria,,,,,,"11"" x 8.5""",,Printable,,,WCB-TRH-F6E09-11PD,7.95,12.95,5.88,9.58,11.13,18.13,,https://cdn.crayonahub.com/calendars/jesus/the-rooms-he-entered/01_front_cover_spiral.jpg,https://cdn.crayonahub.com/calendars/jesus/the-rooms-he-entered/in_tai_nha_11x8.5.pdf,
the-rooms-he-entered-christian-wall-calendar-gospel-inspired-biblical-interiors-faith-decor-gift,,,Calendaria,,,,,,"14"" x 11.5""",,Spiral,,Matte,WCB-TRH-F6E09-14SM,39.95,49.95,29.56,36.96,55.93,69.93,,https://cdn.crayonahub.com/calendars/jesus/the-rooms-he-entered/01_front_cover_spiral.jpg,,
the-rooms-he-entered-christian-wall-calendar-gospel-inspired-biblical-interiors-faith-decor-gift,,,Calendaria,,,,,,"14"" x 11.5""",,Spiral,,Glossy,WCB-TRH-F6E09-14SG,42.95,52.95,31.78,39.18,60.13,74.13,,https://cdn.crayonahub.com/calendars/jesus/the-rooms-he-entered/01_front_cover_spiral.jpg,,
the-rooms-he-entered-christian-wall-calendar-gospel-inspired-biblical-interiors-faith-decor-gift,,,Calendaria,,,,,,"14"" x 11.5""",,Printable,,,WCB-TRH-F6E09-14PD,7.95,12.95,5.88,9.58,11.13,18.13,,https://cdn.crayonahub.com/calendars/jesus/the-rooms-he-entered/01_front_cover_spiral.jpg,https://cdn.crayonahub.com/calendars/jesus/the-rooms-he-entered/in_tai_nha_14x11.5.pdf,
the-rooms-he-entered-christian-wall-calendar-gospel-inspired-biblical-interiors-faith-decor-gift,,,Calendaria,,,,,,,,,,,,,,,,,,https://cdn.crayonahub.com/calendars/jesus/the-rooms-he-entered/02_open_spread_flat.jpg,,,
the-rooms-he-entered-christian-wall-calendar-gospel-inspired-biblical-interiors-faith-decor-gift,,,Calendaria,,,,,,,,,,,,,,,,,,https://cdn.crayonahub.com/calendars/jesus/the-rooms-he-entered/03_three_open_spreads.jpg,,,
the-rooms-he-entered-christian-wall-calendar-gospel-inspired-biblical-interiors-faith-decor-gift,,,Calendaria,,,,,,,,,,,,,,,,,,https://cdn.crayonahub.com/calendars/jesus/the-rooms-he-entered/04_wall_spread.jpg,,,
the-rooms-he-entered-christian-wall-calendar-gospel-inspired-biblical-interiors-faith-decor-gift,,,Calendaria,,,,,,,,,,,,,,,,,,https://cdn.crayonahub.com/calendars/jesus/the-rooms-he-entered/05_wall_page_turn.jpg,,,
a-year-on-the-trail-2027-wall-calendar-hiking-outdoor-adventure-and-scenic-wilderness-calendar,"A Year on the Trail 2027 Wall Calendar | Hiking, Outdoor Adventure and Scenic Wilderness Calendar","<p>A Year on the Trail — Twelve Invitations to Step Outside. A 2027 wall calendar with original fresh trail editorial photography artwork for every month.</p><p><strong>What's inside</strong></p><ul><li>12 full-page original artworks, one for each month</li><li>Monthly grid with US holidays and large date boxes for appointments and notes</li><li>Front cover and a back cover with all 12 artworks</li></ul><p><strong>Months</strong></p><ul><li><strong>January</strong>: Ready for Winter</li><li><strong>February</strong>: Cross the Cold</li><li><strong>March</strong>: First Long Walk</li><li><strong>April</strong>: Follow the Water</li><li><strong>May</strong>: Climb Into Color</li><li><strong>June</strong>: Earn the View</li><li><strong>July</strong>: Cool Your Steps</li><li><strong>August</strong>: Keep Moving Higher</li><li><strong>September</strong>: Walk the Turning Edge</li><li><strong>October</strong>: Under the Canopy</li><li><strong>November</strong>: Pause at the Water</li><li><strong>December</strong>: Return and Begin</li></ul><p><strong>Details</strong></p><ul><li>Size: 11 x 8.5 in (opens to 11 x 17 in)</li><li>Wire-bound, hanging hole</li><li>Printed on demand and shipped to you</li></ul>",Calendaria,Wall Calendar,"hiking calendar, trail calendar, outdoor calendar, hiker gift, camping gift, nature wall art, adventure calendar, scenic calendar, wilderness decor, outdoorsy gift, hiking wall art, retirement gift, 2027 calendar",FALSE,FALSE,Size,"11"" x 8.5""",Choose your format,Spiral,Paper,Matte,WCB-AYO-10AF1-11SM,29.95,39.95,22.16,29.56,41.93,55.93,https://cdn.crayonahub.com/calendars/nature-landscape/a-year-on-the-trail/01_front_cover_spiral.jpg,https://cdn.crayonahub.com/calendars/nature-landscape/a-year-on-the-trail/01_front_cover_spiral.jpg,,
a-year-on-the-trail-2027-wall-calendar-hiking-outdoor-adventure-and-scenic-wilderness-calendar,,,Calendaria,,,,,,"11"" x 8.5""",,Printable,,,WCB-AYO-10AF1-11PD,7.95,12.95,5.88,9.58,11.13,18.13,,https://cdn.crayonahub.com/calendars/nature-landscape/a-year-on-the-trail/01_front_cover_spiral.jpg,https://cdn.crayonahub.com/calendars/nature-landscape/a-year-on-the-trail/in_tai_nha_11x8.5.pdf,
a-year-on-the-trail-2027-wall-calendar-hiking-outdoor-adventure-and-scenic-wilderness-calendar,,,Calendaria,,,,,,"14"" x 11.5""",,Spiral,,Matte,WCB-AYO-10AF1-14SM,39.95,49.95,29.56,36.96,55.93,69.93,,https://cdn.crayonahub.com/calendars/nature-landscape/a-year-on-the-trail/01_front_cover_spiral.jpg,,
a-year-on-the-trail-2027-wall-calendar-hiking-outdoor-adventure-and-scenic-wilderness-calendar,,,Calendaria,,,,,,"14"" x 11.5""",,Spiral,,Glossy,WCB-AYO-10AF1-14SG,42.95,52.95,31.78,39.18,60.13,74.13,,https://cdn.crayonahub.com/calendars/nature-landscape/a-year-on-the-trail/01_front_cover_spiral.jpg,,
a-year-on-the-trail-2027-wall-calendar-hiking-outdoor-adventure-and-scenic-wilderness-calendar,,,Calendaria,,,,,,"14"" x 11.5""",,Printable,,,WCB-AYO-10AF1-14PD,7.95,12.95,5.88,9.58,11.13,18.13,,https://cdn.crayonahub.com/calendars/nature-landscape/a-year-on-the-trail/01_front_cover_spiral.jpg,https://cdn.crayonahub.com/calendars/nature-landscape/a-year-on-the-trail/in_tai_nha_14x11.5.pdf,
a-year-on-the-trail-2027-wall-calendar-hiking-outdoor-adventure-and-scenic-wilderness-calendar,,,Calendaria,,,,,,,,,,,,,,,,,,https://cdn.crayonahub.com/calendars/nature-landscape/a-year-on-the-trail/02_open_spread_flat.jpg,,,
a-year-on-the-trail-2027-wall-calendar-hiking-outdoor-adventure-and-scenic-wilderness-calendar,,,Calendaria,,,,,,,,,,,,,,,,,,https://cdn.crayonahub.com/calendars/nature-landscape/a-year-on-the-trail/03_three_open_spreads.jpg,,,
a-year-on-the-trail-2027-wall-calendar-hiking-outdoor-adventure-and-scenic-wilderness-calendar,,,Calendaria,,,,,,,,,,,,,,,,,,https://cdn.crayonahub.com/calendars/nature-landscape/a-year-on-the-trail/04_wall_spread.jpg,,,
a-year-on-the-trail-2027-wall-calendar-hiking-outdoor-adventure-and-scenic-wilderness-calendar,,,Calendaria,,,,,,,,,,,,,,,,,,https://cdn.crayonahub.com/calendars/nature-landscape/a-year-on-the-trail/05_wall_page_turn.jpg,,,
where-land-meets-water-2027-wall-calendar-shoreline-lake-marsh-river-and-coastal-nature-photography,"Where Land Meets Water 2027 Wall Calendar | Shoreline, Lake, Marsh, River and Coastal Nature Photography","<p>Where Land Meets Water — Twelve Quiet Edges of the Year. A 2027 wall calendar with original tactile shoreline editorial photography artwork for every month.</p><p><strong>What's inside</strong></p><ul><li>12 full-page original artworks, one for each month</li><li>Monthly grid with US holidays and large date boxes for appointments and notes</li><li>Front cover and a back cover with all 12 artworks</li></ul><p><strong>Months</strong></p><ul><li><strong>January</strong>: Ice at the Edge</li><li><strong>February</strong>: Marsh in Winter</li><li><strong>March</strong>: The River Wakes</li><li><strong>April</strong>: Roots and Rain</li><li><strong>May</strong>: Between Dune and Blue</li><li><strong>June</strong>: Life Between Tides</li><li><strong>July</strong>: Clear Summer Shallows</li><li><strong>August</strong>: Wide Estuary Light</li><li><strong>September</strong>: Sheltered Inlet</li><li><strong>October</strong>: One Leaf, Still Water</li><li><strong>November</strong>: Marsh on the Move</li><li><strong>December</strong>: Winter Tidal Lines</li></ul><p><strong>Details</strong></p><ul><li>Size: 11 x 8.5 in (opens to 11 x 17 in)</li><li>Wire-bound, hanging hole</li><li>Printed on demand and shipped to you</li></ul>",Calendaria,Wall Calendar,"shoreline calendar, coastal calendar, lake lover gift, beach house decor, water wall art, nature calendar, marsh photography, river calendar, coastal wall art, lake house gift, shoreline decor, waterside gift, 2027 calendar",FALSE,FALSE,Size,"11"" x 8.5""",Choose your format,Spiral,Paper,Matte,WCB-WLM-16A60-11SM,29.95,39.95,22.16,29.56,41.93,55.93,https://cdn.crayonahub.com/calendars/nature-landscape/where-land-meets-water/01_front_cover_spiral.jpg,https://cdn.crayonahub.com/calendars/nature-landscape/where-land-meets-water/01_front_cover_spiral.jpg,,
where-land-meets-water-2027-wall-calendar-shoreline-lake-marsh-river-and-coastal-nature-photography,,,Calendaria,,,,,,"11"" x 8.5""",,Printable,,,WCB-WLM-16A60-11PD,7.95,12.95,5.88,9.58,11.13,18.13,,https://cdn.crayonahub.com/calendars/nature-landscape/where-land-meets-water/01_front_cover_spiral.jpg,https://cdn.crayonahub.com/calendars/nature-landscape/where-land-meets-water/in_tai_nha_11x8.5.pdf,
where-land-meets-water-2027-wall-calendar-shoreline-lake-marsh-river-and-coastal-nature-photography,,,Calendaria,,,,,,"14"" x 11.5""",,Spiral,,Matte,WCB-WLM-16A60-14SM,39.95,49.95,29.56,36.96,55.93,69.93,,https://cdn.crayonahub.com/calendars/nature-landscape/where-land-meets-water/01_front_cover_spiral.jpg,,
where-land-meets-water-2027-wall-calendar-shoreline-lake-marsh-river-and-coastal-nature-photography,,,Calendaria,,,,,,"14"" x 11.5""",,Spiral,,Glossy,WCB-WLM-16A60-14SG,42.95,52.95,31.78,39.18,60.13,74.13,,https://cdn.crayonahub.com/calendars/nature-landscape/where-land-meets-water/01_front_cover_spiral.jpg,,
where-land-meets-water-2027-wall-calendar-shoreline-lake-marsh-river-and-coastal-nature-photography,,,Calendaria,,,,,,"14"" x 11.5""",,Printable,,,WCB-WLM-16A60-14PD,7.95,12.95,5.88,9.58,11.13,18.13,,https://cdn.crayonahub.com/calendars/nature-landscape/where-land-meets-water/01_front_cover_spiral.jpg,https://cdn.crayonahub.com/calendars/nature-landscape/where-land-meets-water/in_tai_nha_14x11.5.pdf,
where-land-meets-water-2027-wall-calendar-shoreline-lake-marsh-river-and-coastal-nature-photography,,,Calendaria,,,,,,,,,,,,,,,,,,https://cdn.crayonahub.com/calendars/nature-landscape/where-land-meets-water/02_open_spread_flat.jpg,,,
where-land-meets-water-2027-wall-calendar-shoreline-lake-marsh-river-and-coastal-nature-photography,,,Calendaria,,,,,,,,,,,,,,,,,,https://cdn.crayonahub.com/calendars/nature-landscape/where-land-meets-water/03_three_open_spreads.jpg,,,
where-land-meets-water-2027-wall-calendar-shoreline-lake-marsh-river-and-coastal-nature-photography,,,Calendaria,,,,,,,,,,,,,,,,,,https://cdn.crayonahub.com/calendars/nature-landscape/where-land-meets-water/04_wall_spread.jpg,,,
where-land-meets-water-2027-wall-calendar-shoreline-lake-marsh-river-and-coastal-nature-photography,,,Calendaria,,,,,,,,,,,,,,,,,,https://cdn.crayonahub.com/calendars/nature-landscape/where-land-meets-water/05_wall_page_turn.jpg,,,
2027-moon-phase-wall-calendar-the-moonkeeper-s-sky-atlas-mystical-celestial-papercut-art-stargazer-gift-lunar-decor,"2027 Moon Phase Wall Calendar, The Moonkeeper's Sky Atlas, Mystical Celestial Papercut Art, Stargazer Gift, Lunar Decor","<p>The Moonkeeper&#x27;s Sky Atlas — Twelve Enchanted Journeys Through the Moonlit Sky. A 2027 wall calendar with original illuminated celestial papercut diorama artwork for every month.</p><p><strong>What's inside</strong></p><ul><li>12 full-page original artworks, one for each month</li><li>Monthly grid with US holidays and large date boxes for appointments and notes</li><li>Front cover and a back cover with all 12 artworks</li></ul><p><strong>Months</strong></p><ul><li><strong>January</strong>: The First Silver Light</li><li><strong>February</strong>: A Meeting of Lights</li><li><strong>March</strong>: Between Night and Dawn</li><li><strong>April</strong>: Across the Meteor River</li><li><strong>May</strong>: The Garden of Moonlight</li><li><strong>June</strong>: The Highest Summer Arc</li><li><strong>July</strong>: The Swan Among Stars</li><li><strong>August</strong>: A Thousand Falling Stars</li><li><strong>September</strong>: The Golden Lunar Harvest</li><li><strong>October</strong>: The Chamber of Shadows</li><li><strong>November</strong>: Beyond the Familiar Stars</li><li><strong>December</strong>: Home Beneath the Moon</li></ul><p><strong>Details</strong></p><ul><li>Size: 11 x 8.5 in (opens to 11 x 17 in)</li><li>Wire-bound, hanging hole</li><li>Printed on demand and shipped to you</li></ul>",Calendaria,Wall Calendar,"2027 moon calendar, moon phase calendar, celestial calendar, mystical wall art, stargazer gift, lunar wall calendar, papercut artwork, moon lover gift, celestial wall art, astronomy calendar, moon phase decor, witchy room decor, night sky calendar",FALSE,FALSE,Size,"11"" x 8.5""",Choose your format,Spiral,Paper,Matte,WCB-2MP-83CB7-11SM,29.95,39.95,22.16,29.56,41.93,55.93,https://cdn.crayonahub.com/calendars/wall-calendar-blank/2027-celestial-calendar-mystical-sky-sun/the-moonkeeper-s-sky-atlas/01_front_cover_spiral.jpg,https://cdn.crayonahub.com/calendars/wall-calendar-blank/2027-celestial-calendar-mystical-sky-sun/the-moonkeeper-s-sky-atlas/01_front_cover_spiral.jpg,,
2027-moon-phase-wall-calendar-the-moonkeeper-s-sky-atlas-mystical-celestial-papercut-art-stargazer-gift-lunar-decor,,,Calendaria,,,,,,"11"" x 8.5""",,Printable,,,WCB-2MP-83CB7-11PD,7.95,12.95,5.88,9.58,11.13,18.13,,https://cdn.crayonahub.com/calendars/wall-calendar-blank/2027-celestial-calendar-mystical-sky-sun/the-moonkeeper-s-sky-atlas/01_front_cover_spiral.jpg,https://cdn.crayonahub.com/calendars/wall-calendar-blank/2027-celestial-calendar-mystical-sky-sun/the-moonkeeper-s-sky-atlas/in_tai_nha_11x8.5.pdf,
2027-moon-phase-wall-calendar-the-moonkeeper-s-sky-atlas-mystical-celestial-papercut-art-stargazer-gift-lunar-decor,,,Calendaria,,,,,,"14"" x 11.5""",,Spiral,,Matte,WCB-2MP-83CB7-14SM,39.95,49.95,29.56,36.96,55.93,69.93,,https://cdn.crayonahub.com/calendars/wall-calendar-blank/2027-celestial-calendar-mystical-sky-sun/the-moonkeeper-s-sky-atlas/01_front_cover_spiral.jpg,,
2027-moon-phase-wall-calendar-the-moonkeeper-s-sky-atlas-mystical-celestial-papercut-art-stargazer-gift-lunar-decor,,,Calendaria,,,,,,"14"" x 11.5""",,Spiral,,Glossy,WCB-2MP-83CB7-14SG,42.95,52.95,31.78,39.18,60.13,74.13,,https://cdn.crayonahub.com/calendars/wall-calendar-blank/2027-celestial-calendar-mystical-sky-sun/the-moonkeeper-s-sky-atlas/01_front_cover_spiral.jpg,,
2027-moon-phase-wall-calendar-the-moonkeeper-s-sky-atlas-mystical-celestial-papercut-art-stargazer-gift-lunar-decor,,,Calendaria,,,,,,"14"" x 11.5""",,Printable,,,WCB-2MP-83CB7-14PD,7.95,12.95,5.88,9.58,11.13,18.13,,https://cdn.crayonahub.com/calendars/wall-calendar-blank/2027-celestial-calendar-mystical-sky-sun/the-moonkeeper-s-sky-atlas/01_front_cover_spiral.jpg,https://cdn.crayonahub.com/calendars/wall-calendar-blank/2027-celestial-calendar-mystical-sky-sun/the-moonkeeper-s-sky-atlas/in_tai_nha_14x11.5.pdf,
2027-moon-phase-wall-calendar-the-moonkeeper-s-sky-atlas-mystical-celestial-papercut-art-stargazer-gift-lunar-decor,,,Calendaria,,,,,,,,,,,,,,,,,,https://cdn.crayonahub.com/calendars/wall-calendar-blank/2027-celestial-calendar-mystical-sky-sun/the-moonkeeper-s-sky-atlas/02_open_spread_flat.jpg,,,
2027-moon-phase-wall-calendar-the-moonkeeper-s-sky-atlas-mystical-celestial-papercut-art-stargazer-gift-lunar-decor,,,Calendaria,,,,,,,,,,,,,,,,,,https://cdn.crayonahub.com/calendars/wall-calendar-blank/2027-celestial-calendar-mystical-sky-sun/the-moonkeeper-s-sky-atlas/03_three_open_spreads.jpg,,,
2027-moon-phase-wall-calendar-the-moonkeeper-s-sky-atlas-mystical-celestial-papercut-art-stargazer-gift-lunar-decor,,,Calendaria,,,,,,,,,,,,,,,,,,https://cdn.crayonahub.com/calendars/wall-calendar-blank/2027-celestial-calendar-mystical-sky-sun/the-moonkeeper-s-sky-atlas/04_wall_spread.jpg,,,
2027-moon-phase-wall-calendar-the-moonkeeper-s-sky-atlas-mystical-celestial-papercut-art-stargazer-gift-lunar-decor,,,Calendaria,,,,,,,,,,,,,,,,,,https://cdn.crayonahub.com/calendars/wall-calendar-blank/2027-celestial-calendar-mystical-sky-sun/the-moonkeeper-s-sky-atlas/05_wall_page_turn.jpg,,,
2027-cat-wall-calendar-retro-flower-cats-mid-century-cat-art-vintage-floral-calendar-cat-lover-gift,"2027 Cat Wall Calendar, Retro Flower Cats, Mid Century Cat Art, Vintage Floral Calendar, Cat Lover Gift","<p>The Garden Cat Club — Twelve Retro Flower Companions. A 2027 wall calendar with original retro garden cat screenprints artwork for every month.</p><p><strong>What's inside</strong></p><ul><li>12 full-page original artworks, one for each month</li><li>Monthly grid with US holidays and large date boxes for appointments and notes</li><li>Front cover and a back cover with all 12 artworks</li></ul><p><strong>Months</strong></p><ul><li><strong>January</strong>: First Blooms</li><li><strong>February</strong>: Rose Sweetheart</li><li><strong>March</strong>: Tulip Scout</li><li><strong>April</strong>: Daisy Dash</li><li><strong>May</strong>: Peony Queen</li><li><strong>June</strong>: Lavender Lounger</li><li><strong>July</strong>: Sunflower Gardener</li><li><strong>August</strong>: Wildflower Explorer</li><li><strong>September</strong>: Mum Watch</li><li><strong>October</strong>: Marigold Mischief</li><li><strong>November</strong>: Woodland Whiskers</li><li><strong>December</strong>: Holly Companion</li></ul><p><strong>Details</strong></p><ul><li>Size: 11 x 8.5 in (opens to 11 x 17 in)</li><li>Wire-bound, hanging hole</li><li>Printed on demand and shipped to you</li></ul>",Calendaria,Wall Calendar,"cat wall calendar, 2027 cat calendar, retro cat art, flower cat calendar, mid century cats, vintage cat decor, cat lover gift, floral wall calendar, cute cat calendar, garden cat art, retro wall decor, cat christmas gift, vintage floral art",FALSE,FALSE,Size,"11"" x 8.5""",Choose your format,Spiral,Paper,Matte,WCB-2CW-5CE1D-11SM,29.95,39.95,22.16,29.56,41.93,55.93,https://cdn.crayonahub.com/calendars/wall-calendar-blank/2027-retro-flowers-and-cute-cats-calenda/the-garden-cat-club-twelve-retro-flower-companions/01_front_cover_spiral.jpg,https://cdn.crayonahub.com/calendars/wall-calendar-blank/2027-retro-flowers-and-cute-cats-calenda/the-garden-cat-club-twelve-retro-flower-companions/01_front_cover_spiral.jpg,,
2027-cat-wall-calendar-retro-flower-cats-mid-century-cat-art-vintage-floral-calendar-cat-lover-gift,,,Calendaria,,,,,,"11"" x 8.5""",,Printable,,,WCB-2CW-5CE1D-11PD,7.95,12.95,5.88,9.58,11.13,18.13,,https://cdn.crayonahub.com/calendars/wall-calendar-blank/2027-retro-flowers-and-cute-cats-calenda/the-garden-cat-club-twelve-retro-flower-companions/01_front_cover_spiral.jpg,https://cdn.crayonahub.com/calendars/wall-calendar-blank/2027-retro-flowers-and-cute-cats-calenda/the-garden-cat-club-twelve-retro-flower-companions/in_tai_nha_11x8.5.pdf,
2027-cat-wall-calendar-retro-flower-cats-mid-century-cat-art-vintage-floral-calendar-cat-lover-gift,,,Calendaria,,,,,,"14"" x 11.5""",,Spiral,,Matte,WCB-2CW-5CE1D-14SM,39.95,49.95,29.56,36.96,55.93,69.93,,https://cdn.crayonahub.com/calendars/wall-calendar-blank/2027-retro-flowers-and-cute-cats-calenda/the-garden-cat-club-twelve-retro-flower-companions/01_front_cover_spiral.jpg,,
2027-cat-wall-calendar-retro-flower-cats-mid-century-cat-art-vintage-floral-calendar-cat-lover-gift,,,Calendaria,,,,,,"14"" x 11.5""",,Spiral,,Glossy,WCB-2CW-5CE1D-14SG,42.95,52.95,31.78,39.18,60.13,74.13,,https://cdn.crayonahub.com/calendars/wall-calendar-blank/2027-retro-flowers-and-cute-cats-calenda/the-garden-cat-club-twelve-retro-flower-companions/01_front_cover_spiral.jpg,,
2027-cat-wall-calendar-retro-flower-cats-mid-century-cat-art-vintage-floral-calendar-cat-lover-gift,,,Calendaria,,,,,,"14"" x 11.5""",,Printable,,,WCB-2CW-5CE1D-14PD,7.95,12.95,5.88,9.58,11.13,18.13,,https://cdn.crayonahub.com/calendars/wall-calendar-blank/2027-retro-flowers-and-cute-cats-calenda/the-garden-cat-club-twelve-retro-flower-companions/01_front_cover_spiral.jpg,https://cdn.crayonahub.com/calendars/wall-calendar-blank/2027-retro-flowers-and-cute-cats-calenda/the-garden-cat-club-twelve-retro-flower-companions/in_tai_nha_14x11.5.pdf,
2027-cat-wall-calendar-retro-flower-cats-mid-century-cat-art-vintage-floral-calendar-cat-lover-gift,,,Calendaria,,,,,,,,,,,,,,,,,,https://cdn.crayonahub.com/calendars/wall-calendar-blank/2027-retro-flowers-and-cute-cats-calenda/the-garden-cat-club-twelve-retro-flower-companions/02_open_spread_flat.jpg,,,
2027-cat-wall-calendar-retro-flower-cats-mid-century-cat-art-vintage-floral-calendar-cat-lover-gift,,,Calendaria,,,,,,,,,,,,,,,,,,https://cdn.crayonahub.com/calendars/wall-calendar-blank/2027-retro-flowers-and-cute-cats-calenda/the-garden-cat-club-twelve-retro-flower-companions/03_three_open_spreads.jpg,,,
2027-cat-wall-calendar-retro-flower-cats-mid-century-cat-art-vintage-floral-calendar-cat-lover-gift,,,Calendaria,,,,,,,,,,,,,,,,,,https://cdn.crayonahub.com/calendars/wall-calendar-blank/2027-retro-flowers-and-cute-cats-calenda/the-garden-cat-club-twelve-retro-flower-companions/05_wall_page_turn.jpg,,,
2027-nordic-folk-art-wall-calendar-scandinavian-handmade-traditions-hygge-craft-decor-scandinavian-heritage-gift,"2027 Nordic Folk Art Wall Calendar, Scandinavian Handmade Traditions, Hygge Craft Decor, Scandinavian Heritage Gift","<p>Nordic Folk Living — Twelve Handmade Scandinavian Traditions. A 2027 wall calendar with original contemporary nordic folk craft editorial photography artwork for every month.</p><p><strong>What's inside</strong></p><ul><li>12 full-page original artworks, one for each month</li><li>Monthly grid with US holidays and a Notes column on every month</li><li>Front cover and a back cover with all 12 artworks</li></ul><p><strong>Months</strong></p><ul><li><strong>January</strong>: Wool Heritage</li><li><strong>February</strong>: Painted Wood</li><li><strong>March</strong>: Cut Paper Spring</li><li><strong>April</strong>: Woven Rhythm</li><li><strong>May</strong>: Painted Flourish</li><li><strong>June</strong>: Midsummer Flowers</li><li><strong>July</strong>: Coastal Handwork</li><li><strong>August</strong>: Birch Bark Weave</li><li><strong>September</strong>: Stitch by Stitch</li><li><strong>October</strong>: Carved Geometry</li><li><strong>November</strong>: Woven Warmth</li><li><strong>December</strong>: Handmade Christmas</li></ul><p><strong>Details</strong></p><ul><li>Size: 11 x 8.5 in (opens to 11 x 17 in)</li><li>Wire-bound, hanging hole</li><li>Printed on demand and shipped to you</li></ul>",Calendaria,Wall Calendar,"nordic wall calendar, scandinavian decor, folk art calendar, hygge wall decor, nordic folk art, scandi home office, scandinavian gift, folk craft decor, heritage calendar, nordic handmade, textile lover gift, 2027 wall calendar, scandi folk decor",FALSE,FALSE,Size,"11"" x 8.5""",Choose your format,Spiral,Paper,Matte,WCB-2NF-7E087-11SM,29.95,39.95,22.16,29.56,41.93,55.93,https://cdn.crayonahub.com/calendars/wall-calendar-blank/2027-scandinavian-hygge-wall-calendar-fo/nordic-folk-living-twelve-handmade-traditions/01_front_cover_spiral.jpg,https://cdn.crayonahub.com/calendars/wall-calendar-blank/2027-scandinavian-hygge-wall-calendar-fo/nordic-folk-living-twelve-handmade-traditions/01_front_cover_spiral.jpg,,
2027-nordic-folk-art-wall-calendar-scandinavian-handmade-traditions-hygge-craft-decor-scandinavian-heritage-gift,,,Calendaria,,,,,,"11"" x 8.5""",,Printable,,,WCB-2NF-7E087-11PD,7.95,12.95,5.88,9.58,11.13,18.13,,https://cdn.crayonahub.com/calendars/wall-calendar-blank/2027-scandinavian-hygge-wall-calendar-fo/nordic-folk-living-twelve-handmade-traditions/01_front_cover_spiral.jpg,https://cdn.crayonahub.com/calendars/wall-calendar-blank/2027-scandinavian-hygge-wall-calendar-fo/nordic-folk-living-twelve-handmade-traditions/in_tai_nha_11x8.5.pdf,
2027-nordic-folk-art-wall-calendar-scandinavian-handmade-traditions-hygge-craft-decor-scandinavian-heritage-gift,,,Calendaria,,,,,,"14"" x 11.5""",,Spiral,,Matte,WCB-2NF-7E087-14SM,39.95,49.95,29.56,36.96,55.93,69.93,,https://cdn.crayonahub.com/calendars/wall-calendar-blank/2027-scandinavian-hygge-wall-calendar-fo/nordic-folk-living-twelve-handmade-traditions/01_front_cover_spiral.jpg,,
2027-nordic-folk-art-wall-calendar-scandinavian-handmade-traditions-hygge-craft-decor-scandinavian-heritage-gift,,,Calendaria,,,,,,"14"" x 11.5""",,Spiral,,Glossy,WCB-2NF-7E087-14SG,42.95,52.95,31.78,39.18,60.13,74.13,,https://cdn.crayonahub.com/calendars/wall-calendar-blank/2027-scandinavian-hygge-wall-calendar-fo/nordic-folk-living-twelve-handmade-traditions/01_front_cover_spiral.jpg,,
2027-nordic-folk-art-wall-calendar-scandinavian-handmade-traditions-hygge-craft-decor-scandinavian-heritage-gift,,,Calendaria,,,,,,"14"" x 11.5""",,Printable,,,WCB-2NF-7E087-14PD,7.95,12.95,5.88,9.58,11.13,18.13,,https://cdn.crayonahub.com/calendars/wall-calendar-blank/2027-scandinavian-hygge-wall-calendar-fo/nordic-folk-living-twelve-handmade-traditions/01_front_cover_spiral.jpg,https://cdn.crayonahub.com/calendars/wall-calendar-blank/2027-scandinavian-hygge-wall-calendar-fo/nordic-folk-living-twelve-handmade-traditions/in_tai_nha_14x11.5.pdf,
2027-nordic-folk-art-wall-calendar-scandinavian-handmade-traditions-hygge-craft-decor-scandinavian-heritage-gift,,,Calendaria,,,,,,,,,,,,,,,,,,https://cdn.crayonahub.com/calendars/wall-calendar-blank/2027-scandinavian-hygge-wall-calendar-fo/nordic-folk-living-twelve-handmade-traditions/02_open_spread_flat.jpg,,,
2027-nordic-folk-art-wall-calendar-scandinavian-handmade-traditions-hygge-craft-decor-scandinavian-heritage-gift,,,Calendaria,,,,,,,,,,,,,,,,,,https://cdn.crayonahub.com/calendars/wall-calendar-blank/2027-scandinavian-hygge-wall-calendar-fo/nordic-folk-living-twelve-handmade-traditions/03_three_open_spreads.jpg,,,
2027-nordic-folk-art-wall-calendar-scandinavian-handmade-traditions-hygge-craft-decor-scandinavian-heritage-gift,,,Calendaria,,,,,,,,,,,,,,,,,,https://cdn.crayonahub.com/calendars/wall-calendar-blank/2027-scandinavian-hygge-wall-calendar-fo/nordic-folk-living-twelve-handmade-traditions/05_wall_page_turn.jpg,,,
twelve-runs-2027-ski-wall-calendar-layered-papercut-alpine-slopes-ski-runs-powder-glades-and-mountain-lodge-decor,"Twelve Runs 2027 Ski Wall Calendar | Layered Papercut Alpine Slopes, Ski Runs, Powder, Glades and Mountain Lodge Decor","<p>Twelve Runs — A Papercut Year on the Slopes. A 2027 wall calendar with original topographic ski-run papercut artwork for every month.</p><p><strong>What's inside</strong></p><ul><li>12 full-page original artworks, one for each month</li><li>Monthly grid with US holidays and large date boxes for appointments and notes</li><li>Front cover and a back cover with all 12 artworks</li></ul><p><strong>Months</strong></p><ul><li><strong>January</strong>: First Tracks</li><li><strong>February</strong>: Through the Glades</li><li><strong>March</strong>: Carve the Corduroy</li><li><strong>April</strong>: Last Bumps</li><li><strong>May</strong>: Last White Ribbon</li><li><strong>June</strong>: Summer Snow</li><li><strong>July</strong>: Slope Without Snow</li><li><strong>August</strong>: Built for Winter</li><li><strong>September</strong>: First Frost</li><li><strong>October</strong>: White Returns</li><li><strong>November</strong>: Opening Run</li><li><strong>December</strong>: Under the Lights</li></ul><p><strong>Details</strong></p><ul><li>Size: 11 x 8.5 in (opens to 11 x 17 in)</li><li>Wire-bound, hanging hole</li><li>Printed on demand and shipped to you</li></ul>",Calendaria,Wall Calendar,"ski calendar, wall calendar, skiing gift, ski lodge decor, alpine art, papercut art, ski slopes, mountain calendar, powder skiing, ski family gift, winter sports, downhill skiing, mountain home",FALSE,FALSE,Size,"11"" x 8.5""",Choose your format,Spiral,Paper,Matte,WCB-TR2-93E00-11SM,29.95,39.95,22.16,29.56,41.93,55.93,https://cdn.crayonahub.com/calendars/wall-calendar-blank/2027-slopes-monthly-wall-calendar/twelve-runs/01_front_cover_spiral.jpg,https://cdn.crayonahub.com/calendars/wall-calendar-blank/2027-slopes-monthly-wall-calendar/twelve-runs/01_front_cover_spiral.jpg,,
twelve-runs-2027-ski-wall-calendar-layered-papercut-alpine-slopes-ski-runs-powder-glades-and-mountain-lodge-decor,,,Calendaria,,,,,,"11"" x 8.5""",,Printable,,,WCB-TR2-93E00-11PD,7.95,12.95,5.88,9.58,11.13,18.13,,https://cdn.crayonahub.com/calendars/wall-calendar-blank/2027-slopes-monthly-wall-calendar/twelve-runs/01_front_cover_spiral.jpg,https://cdn.crayonahub.com/calendars/wall-calendar-blank/2027-slopes-monthly-wall-calendar/twelve-runs/in_tai_nha_11x8.5.pdf,
twelve-runs-2027-ski-wall-calendar-layered-papercut-alpine-slopes-ski-runs-powder-glades-and-mountain-lodge-decor,,,Calendaria,,,,,,"14"" x 11.5""",,Spiral,,Matte,WCB-TR2-93E00-14SM,39.95,49.95,29.56,36.96,55.93,69.93,,https://cdn.crayonahub.com/calendars/wall-calendar-blank/2027-slopes-monthly-wall-calendar/twelve-runs/01_front_cover_spiral.jpg,,
twelve-runs-2027-ski-wall-calendar-layered-papercut-alpine-slopes-ski-runs-powder-glades-and-mountain-lodge-decor,,,Calendaria,,,,,,"14"" x 11.5""",,Spiral,,Glossy,WCB-TR2-93E00-14SG,42.95,52.95,31.78,39.18,60.13,74.13,,https://cdn.crayonahub.com/calendars/wall-calendar-blank/2027-slopes-monthly-wall-calendar/twelve-runs/01_front_cover_spiral.jpg,,
twelve-runs-2027-ski-wall-calendar-layered-papercut-alpine-slopes-ski-runs-powder-glades-and-mountain-lodge-decor,,,Calendaria,,,,,,"14"" x 11.5""",,Printable,,,WCB-TR2-93E00-14PD,7.95,12.95,5.88,9.58,11.13,18.13,,https://cdn.crayonahub.com/calendars/wall-calendar-blank/2027-slopes-monthly-wall-calendar/twelve-runs/01_front_cover_spiral.jpg,https://cdn.crayonahub.com/calendars/wall-calendar-blank/2027-slopes-monthly-wall-calendar/twelve-runs/in_tai_nha_14x11.5.pdf,
twelve-runs-2027-ski-wall-calendar-layered-papercut-alpine-slopes-ski-runs-powder-glades-and-mountain-lodge-decor,,,Calendaria,,,,,,,,,,,,,,,,,,https://cdn.crayonahub.com/calendars/wall-calendar-blank/2027-slopes-monthly-wall-calendar/twelve-runs/02_open_spread_flat.jpg,,,
twelve-runs-2027-ski-wall-calendar-layered-papercut-alpine-slopes-ski-runs-powder-glades-and-mountain-lodge-decor,,,Calendaria,,,,,,,,,,,,,,,,,,https://cdn.crayonahub.com/calendars/wall-calendar-blank/2027-slopes-monthly-wall-calendar/twelve-runs/03_three_open_spreads.jpg,,,
twelve-runs-2027-ski-wall-calendar-layered-papercut-alpine-slopes-ski-runs-powder-glades-and-mountain-lodge-decor,,,Calendaria,,,,,,,,,,,,,,,,,,https://cdn.crayonahub.com/calendars/wall-calendar-blank/2027-slopes-monthly-wall-calendar/twelve-runs/05_wall_page_turn.jpg,,,
english-cottage-floral-wall-calendar-2027-vintage-botanical-pattern-art-country-kitchen-decor-cottagecore-gift,"English Cottage Floral Wall Calendar 2027, Vintage Botanical Pattern Art, Country Kitchen Decor, Cottagecore Gift","<p>English Cottage Pattern Treasury — Twelve heritage floral prints for country homes. A 2027 wall calendar with original heritage botanical textile screenprints artwork for every month.</p><p><strong>What's inside</strong></p><ul><li>12 full-page original artworks, one for each month</li><li>Monthly grid with US holidays and large date boxes for appointments and notes</li><li>Front cover and a back cover with all 12 artworks</li></ul><p><strong>Months</strong></p><ul><li><strong>January</strong>: Winter Porcelain</li><li><strong>February</strong>: Violet Tea</li><li><strong>March</strong>: Daffodil Gingham</li><li><strong>April</strong>: Primrose Pantry</li><li><strong>May</strong>: Rose Tea Service</li><li><strong>June</strong>: Lavender Cupboard</li><li><strong>July</strong>: Strawberry Chintz</li><li><strong>August</strong>: Sweet Pea Linens</li><li><strong>September</strong>: Orchard Tapestry</li><li><strong>October</strong>: Blackberry Toile</li><li><strong>November</strong>: Pear Damask</li><li><strong>December</strong>: Christmas Kitchen</li></ul><p><strong>Details</strong></p><ul><li>Size: 11 x 8.5 in (opens to 11 x 17 in)</li><li>Wire-bound, hanging hole</li><li>Printed on demand and shipped to you</li></ul>",Calendaria,Wall Calendar,"english cottage, floral calendar, cottagecore decor, country kitchen, vintage botanical, wall calendar 2027, floral wall art, english country, pattern calendar, chintz decor, housewarming gift, vintage florals, kitchen calendar",FALSE,FALSE,Size,"11"" x 8.5""",Choose your format,Spiral,Paper,Matte,WCB-ECF-6E42F-11SM,29.95,39.95,22.16,29.56,41.93,55.93,https://cdn.crayonahub.com/calendars/wall-calendar-blank/2027-storybook-cottage-kitchen-calendar/the-english-cottage-pattern-treasury/01_front_cover_spiral.jpg,https://cdn.crayonahub.com/calendars/wall-calendar-blank/2027-storybook-cottage-kitchen-calendar/the-english-cottage-pattern-treasury/01_front_cover_spiral.jpg,,
english-cottage-floral-wall-calendar-2027-vintage-botanical-pattern-art-country-kitchen-decor-cottagecore-gift,,,Calendaria,,,,,,"11"" x 8.5""",,Printable,,,WCB-ECF-6E42F-11PD,7.95,12.95,5.88,9.58,11.13,18.13,,https://cdn.crayonahub.com/calendars/wall-calendar-blank/2027-storybook-cottage-kitchen-calendar/the-english-cottage-pattern-treasury/01_front_cover_spiral.jpg,https://cdn.crayonahub.com/calendars/wall-calendar-blank/2027-storybook-cottage-kitchen-calendar/the-english-cottage-pattern-treasury/in_tai_nha_11x8.5.pdf,
english-cottage-floral-wall-calendar-2027-vintage-botanical-pattern-art-country-kitchen-decor-cottagecore-gift,,,Calendaria,,,,,,"14"" x 11.5""",,Spiral,,Matte,WCB-ECF-6E42F-14SM,39.95,49.95,29.56,36.96,55.93,69.93,,https://cdn.crayonahub.com/calendars/wall-calendar-blank/2027-storybook-cottage-kitchen-calendar/the-english-cottage-pattern-treasury/01_front_cover_spiral.jpg,,
english-cottage-floral-wall-calendar-2027-vintage-botanical-pattern-art-country-kitchen-decor-cottagecore-gift,,,Calendaria,,,,,,"14"" x 11.5""",,Spiral,,Glossy,WCB-ECF-6E42F-14SG,42.95,52.95,31.78,39.18,60.13,74.13,,https://cdn.crayonahub.com/calendars/wall-calendar-blank/2027-storybook-cottage-kitchen-calendar/the-english-cottage-pattern-treasury/01_front_cover_spiral.jpg,,
english-cottage-floral-wall-calendar-2027-vintage-botanical-pattern-art-country-kitchen-decor-cottagecore-gift,,,Calendaria,,,,,,"14"" x 11.5""",,Printable,,,WCB-ECF-6E42F-14PD,7.95,12.95,5.88,9.58,11.13,18.13,,https://cdn.crayonahub.com/calendars/wall-calendar-blank/2027-storybook-cottage-kitchen-calendar/the-english-cottage-pattern-treasury/01_front_cover_spiral.jpg,https://cdn.crayonahub.com/calendars/wall-calendar-blank/2027-storybook-cottage-kitchen-calendar/the-english-cottage-pattern-treasury/in_tai_nha_14x11.5.pdf,
english-cottage-floral-wall-calendar-2027-vintage-botanical-pattern-art-country-kitchen-decor-cottagecore-gift,,,Calendaria,,,,,,,,,,,,,,,,,,https://cdn.crayonahub.com/calendars/wall-calendar-blank/2027-storybook-cottage-kitchen-calendar/the-english-cottage-pattern-treasury/02_open_spread_flat.jpg,,,
english-cottage-floral-wall-calendar-2027-vintage-botanical-pattern-art-country-kitchen-decor-cottagecore-gift,,,Calendaria,,,,,,,,,,,,,,,,,,https://cdn.crayonahub.com/calendars/wall-calendar-blank/2027-storybook-cottage-kitchen-calendar/the-english-cottage-pattern-treasury/03_three_open_spreads.jpg,,,
english-cottage-floral-wall-calendar-2027-vintage-botanical-pattern-art-country-kitchen-decor-cottagecore-gift,,,Calendaria,,,,,,,,,,,,,,,,,,https://cdn.crayonahub.com/calendars/wall-calendar-blank/2027-storybook-cottage-kitchen-calendar/the-english-cottage-pattern-treasury/04_wall_spread.jpg,,,
english-cottage-floral-wall-calendar-2027-vintage-botanical-pattern-art-country-kitchen-decor-cottagecore-gift,,,Calendaria,,,,,,,,,,,,,,,,,,https://cdn.crayonahub.com/calendars/wall-calendar-blank/2027-storybook-cottage-kitchen-calendar/the-english-cottage-pattern-treasury/05_wall_page_turn.jpg,,,
wild-neighbors-of-north-america-2027-wildlife-wall-calendar-native-animal-photography-nature-lover-gift,"Wild Neighbors of North America 2027 Wildlife Wall Calendar, Native Animal Photography, Nature Lover Gift","<p>Wild Neighbors — Iconic Wildlife of North America. A 2027 wall calendar with original natural-history wildlife portraits artwork for every month.</p><p><strong>What's inside</strong></p><ul><li>12 full-page original artworks, one for each month</li><li>Monthly grid with US holidays and large date boxes for appointments and notes</li><li>Front cover and a back cover with all 12 artworks</li></ul><p><strong>Months</strong></p><ul><li><strong>January</strong>: Winter Survivor</li><li><strong>February</strong>: Woodland Watcher</li><li><strong>March</strong>: Forest Awakening</li><li><strong>April</strong>: Marsh Hunter</li><li><strong>May</strong>: Meadow Grace</li><li><strong>June</strong>: High Country</li><li><strong>July</strong>: Prairie Giant</li><li><strong>August</strong>: River Explorer</li><li><strong>September</strong>: Autumn Forager</li><li><strong>October</strong>: Aspen Season</li><li><strong>November</strong>: Marsh Crossing</li><li><strong>December</strong>: Snowy Camouflage</li></ul><p><strong>Details</strong></p><ul><li>Size: 11 x 8.5 in (opens to 11 x 17 in)</li><li>Wire-bound, hanging hole</li><li>Printed on demand and shipped to you</li></ul>",Calendaria,Wall Calendar,"wildlife calendar, animal calendar, nature calendar, north america, wildlife art, nature lover gift, outdoors gift, fox calendar, bison art, elk photography, bird watcher gift, forest animals, wall calendar 2027",FALSE,FALSE,Size,"11"" x 8.5""",Choose your format,Spiral,Paper,Matte,WCB-WNO-79915-11SM,29.95,39.95,22.16,29.56,41.93,55.93,https://cdn.crayonahub.com/calendars/wall-calendar-blank/2027-wall-calendar-of-nature-and-wildlif/wild-neighbors-of-north-america/01_front_cover_spiral.jpg,https://cdn.crayonahub.com/calendars/wall-calendar-blank/2027-wall-calendar-of-nature-and-wildlif/wild-neighbors-of-north-america/01_front_cover_spiral.jpg,,
wild-neighbors-of-north-america-2027-wildlife-wall-calendar-native-animal-photography-nature-lover-gift,,,Calendaria,,,,,,"11"" x 8.5""",,Printable,,,WCB-WNO-79915-11PD,7.95,12.95,5.88,9.58,11.13,18.13,,https://cdn.crayonahub.com/calendars/wall-calendar-blank/2027-wall-calendar-of-nature-and-wildlif/wild-neighbors-of-north-america/01_front_cover_spiral.jpg,https://cdn.crayonahub.com/calendars/wall-calendar-blank/2027-wall-calendar-of-nature-and-wildlif/wild-neighbors-of-north-america/in_tai_nha_11x8.5.pdf,
wild-neighbors-of-north-america-2027-wildlife-wall-calendar-native-animal-photography-nature-lover-gift,,,Calendaria,,,,,,"14"" x 11.5""",,Spiral,,Matte,WCB-WNO-79915-14SM,39.95,49.95,29.56,36.96,55.93,69.93,,https://cdn.crayonahub.com/calendars/wall-calendar-blank/2027-wall-calendar-of-nature-and-wildlif/wild-neighbors-of-north-america/01_front_cover_spiral.jpg,,
wild-neighbors-of-north-america-2027-wildlife-wall-calendar-native-animal-photography-nature-lover-gift,,,Calendaria,,,,,,"14"" x 11.5""",,Spiral,,Glossy,WCB-WNO-79915-14SG,42.95,52.95,31.78,39.18,60.13,74.13,,https://cdn.crayonahub.com/calendars/wall-calendar-blank/2027-wall-calendar-of-nature-and-wildlif/wild-neighbors-of-north-america/01_front_cover_spiral.jpg,,
wild-neighbors-of-north-america-2027-wildlife-wall-calendar-native-animal-photography-nature-lover-gift,,,Calendaria,,,,,,"14"" x 11.5""",,Printable,,,WCB-WNO-79915-14PD,7.95,12.95,5.88,9.58,11.13,18.13,,https://cdn.crayonahub.com/calendars/wall-calendar-blank/2027-wall-calendar-of-nature-and-wildlif/wild-neighbors-of-north-america/01_front_cover_spiral.jpg,https://cdn.crayonahub.com/calendars/wall-calendar-blank/2027-wall-calendar-of-nature-and-wildlif/wild-neighbors-of-north-america/in_tai_nha_14x11.5.pdf,
wild-neighbors-of-north-america-2027-wildlife-wall-calendar-native-animal-photography-nature-lover-gift,,,Calendaria,,,,,,,,,,,,,,,,,,https://cdn.crayonahub.com/calendars/wall-calendar-blank/2027-wall-calendar-of-nature-and-wildlif/wild-neighbors-of-north-america/02_open_spread_flat.jpg,,,
wild-neighbors-of-north-america-2027-wildlife-wall-calendar-native-animal-photography-nature-lover-gift,,,Calendaria,,,,,,,,,,,,,,,,,,https://cdn.crayonahub.com/calendars/wall-calendar-blank/2027-wall-calendar-of-nature-and-wildlif/wild-neighbors-of-north-america/03_three_open_spreads.jpg,,,
wild-neighbors-of-north-america-2027-wildlife-wall-calendar-native-animal-photography-nature-lover-gift,,,Calendaria,,,,,,,,,,,,,,,,,,https://cdn.crayonahub.com/calendars/wall-calendar-blank/2027-wall-calendar-of-nature-and-wildlif/wild-neighbors-of-north-america/04_wall_spread.jpg,,,
wild-neighbors-of-north-america-2027-wildlife-wall-calendar-native-animal-photography-nature-lover-gift,,,Calendaria,,,,,,,,,,,,,,,,,,https://cdn.crayonahub.com/calendars/wall-calendar-blank/2027-wall-calendar-of-nature-and-wildlif/wild-neighbors-of-north-america/05_wall_page_turn.jpg,,,
2027-reading-cats-wall-calendar-funny-book-lover-cat-calendar-mid-century-bookish-gift-for-readers-and-cat-lovers,"2027 Reading Cats Wall Calendar, Funny Book Lover Cat Calendar, Mid Century Bookish Gift for Readers and Cat Lovers","<p>The Twelve Reading Cats — Twelve Bookish Personalities, One Purrfect Year. A 2027 wall calendar with original mid-century bookish cat posters artwork for every month.</p><p><strong>What's inside</strong></p><ul><li>12 full-page original artworks, one for each month</li><li>Monthly grid with US holidays and a Notes column on every month</li><li>Front cover and a back cover with all 12 artworks</li></ul><p><strong>Months</strong></p><ul><li><strong>January</strong>: Blanket Bookworm</li><li><strong>February</strong>: Romance Reader</li><li><strong>March</strong>: Rainy-Day Reader</li><li><strong>April</strong>: Poetry Pause</li><li><strong>May</strong>: Garden Pages</li><li><strong>June</strong>: Hammock Chapters</li><li><strong>July</strong>: Adventure Bound</li><li><strong>August</strong>: Read It Again</li><li><strong>September</strong>: Serious Studies</li><li><strong>October</strong>: One More Clue</li><li><strong>November</strong>: Classic Comfort</li><li><strong>December</strong>: Books to Keep</li></ul><p><strong>Details</strong></p><ul><li>Size: 11 x 8.5 in (opens to 11 x 17 in)</li><li>Wire-bound, hanging hole</li><li>Printed on demand and shipped to you</li></ul>",Calendaria,Wall Calendar,"reading cats, cat calendar, book lover gift, bookish calendar, reader gift, cat lover gift, mid century cats, funny cat art, reading nook decor, bookworm gift, library decor, teacher cat gift, 2027 wall calendar",FALSE,FALSE,Size,"11"" x 8.5""",Choose your format,Spiral,Paper,Matte,WCB-2RC-07B99-11SM,29.95,39.95,22.16,29.56,41.93,55.93,https://cdn.crayonahub.com/calendars/wall-calendar-blank/cat-wall-calendar-2027-cute-cats-with-bo/the-twelve-reading-cats/01_front_cover_spiral.jpg,https://cdn.crayonahub.com/calendars/wall-calendar-blank/cat-wall-calendar-2027-cute-cats-with-bo/the-twelve-reading-cats/01_front_cover_spiral.jpg,,
2027-reading-cats-wall-calendar-funny-book-lover-cat-calendar-mid-century-bookish-gift-for-readers-and-cat-lovers,,,Calendaria,,,,,,"11"" x 8.5""",,Printable,,,WCB-2RC-07B99-11PD,7.95,12.95,5.88,9.58,11.13,18.13,,https://cdn.crayonahub.com/calendars/wall-calendar-blank/cat-wall-calendar-2027-cute-cats-with-bo/the-twelve-reading-cats/01_front_cover_spiral.jpg,https://cdn.crayonahub.com/calendars/wall-calendar-blank/cat-wall-calendar-2027-cute-cats-with-bo/the-twelve-reading-cats/in_tai_nha_11x8.5.pdf,
2027-reading-cats-wall-calendar-funny-book-lover-cat-calendar-mid-century-bookish-gift-for-readers-and-cat-lovers,,,Calendaria,,,,,,"14"" x 11.5""",,Spiral,,Matte,WCB-2RC-07B99-14SM,39.95,49.95,29.56,36.96,55.93,69.93,,https://cdn.crayonahub.com/calendars/wall-calendar-blank/cat-wall-calendar-2027-cute-cats-with-bo/the-twelve-reading-cats/01_front_cover_spiral.jpg,,
2027-reading-cats-wall-calendar-funny-book-lover-cat-calendar-mid-century-bookish-gift-for-readers-and-cat-lovers,,,Calendaria,,,,,,"14"" x 11.5""",,Spiral,,Glossy,WCB-2RC-07B99-14SG,42.95,52.95,31.78,39.18,60.13,74.13,,https://cdn.crayonahub.com/calendars/wall-calendar-blank/cat-wall-calendar-2027-cute-cats-with-bo/the-twelve-reading-cats/01_front_cover_spiral.jpg,,
2027-reading-cats-wall-calendar-funny-book-lover-cat-calendar-mid-century-bookish-gift-for-readers-and-cat-lovers,,,Calendaria,,,,,,"14"" x 11.5""",,Printable,,,WCB-2RC-07B99-14PD,7.95,12.95,5.88,9.58,11.13,18.13,,https://cdn.crayonahub.com/calendars/wall-calendar-blank/cat-wall-calendar-2027-cute-cats-with-bo/the-twelve-reading-cats/01_front_cover_spiral.jpg,https://cdn.crayonahub.com/calendars/wall-calendar-blank/cat-wall-calendar-2027-cute-cats-with-bo/the-twelve-reading-cats/in_tai_nha_14x11.5.pdf,
2027-reading-cats-wall-calendar-funny-book-lover-cat-calendar-mid-century-bookish-gift-for-readers-and-cat-lovers,,,Calendaria,,,,,,,,,,,,,,,,,,https://cdn.crayonahub.com/calendars/wall-calendar-blank/cat-wall-calendar-2027-cute-cats-with-bo/the-twelve-reading-cats/02_open_spread_flat.jpg,,,
2027-reading-cats-wall-calendar-funny-book-lover-cat-calendar-mid-century-bookish-gift-for-readers-and-cat-lovers,,,Calendaria,,,,,,,,,,,,,,,,,,https://cdn.crayonahub.com/calendars/wall-calendar-blank/cat-wall-calendar-2027-cute-cats-with-bo/the-twelve-reading-cats/03_three_open_spreads.jpg,,,
2027-reading-cats-wall-calendar-funny-book-lover-cat-calendar-mid-century-bookish-gift-for-readers-and-cat-lovers,,,Calendaria,,,,,,,,,,,,,,,,,,https://cdn.crayonahub.com/calendars/wall-calendar-blank/cat-wall-calendar-2027-cute-cats-with-bo/the-twelve-reading-cats/04_wall_spread.jpg,,,
2027-reading-cats-wall-calendar-funny-book-lover-cat-calendar-mid-century-bookish-gift-for-readers-and-cat-lovers,,,Calendaria,,,,,,,,,,,,,,,,,,https://cdn.crayonahub.com/calendars/wall-calendar-blank/cat-wall-calendar-2027-cute-cats-with-bo/the-twelve-reading-cats/05_wall_page_turn.jpg,,,
celestial-folk-almanac-2027-wall-calendar-boho-zodiac-moon-sun-astrology-art-witchy-vintage-poster-calendar,"Celestial Folk Almanac 2027 Wall Calendar, Boho Zodiac Moon Sun Astrology Art, Witchy Vintage Poster Calendar","<p>Celestial Folk Almanac — Moons, Suns &amp; Zodiac Skies. A 2027 wall calendar with original vintage celestial folk poster artwork for every month.</p><p><strong>What's inside</strong></p><ul><li>12 full-page original artworks, one for each month</li><li>Monthly grid with US holidays and large date boxes for appointments and notes</li><li>Front cover and a back cover with all 12 artworks</li></ul><p><strong>Months</strong></p><ul><li><strong>January</strong>: Winter Moon Guide</li><li><strong>February</strong>: Venus &amp; Devotion</li><li><strong>March</strong>: Balance Returns</li><li><strong>April</strong>: Moon of Renewal</li><li><strong>May</strong>: Taurus in Bloom</li><li><strong>June</strong>: Longest Light</li><li><strong>July</strong>: Cancer Moon</li><li><strong>August</strong>: Solar Abundance</li><li><strong>September</strong>: Autumn in Balance</li><li><strong>October</strong>: Veil Season</li><li><strong>November</strong>: Scorpio Rising</li><li><strong>December</strong>: Return of Light</li></ul><p><strong>Details</strong></p><ul><li>Size: 11 x 8.5 in (opens to 11 x 17 in)</li><li>Wire-bound, hanging hole</li><li>Printed on demand and shipped to you</li></ul>",Calendaria,Wall Calendar,"celestial calendar, zodiac calendar, boho wall calendar, witchy calendar, astrology calendar, moon phase calendar, folk art calendar, sun moon decor, celestial wall art, vintage astrology, mystical calendar, boho spiritual, 2027 wall calendar",FALSE,FALSE,Size,"11"" x 8.5""",Choose your format,Spiral,Paper,Matte,WCB-CFA-4472D-11SM,29.95,39.95,22.16,29.56,41.93,55.93,https://cdn.crayonahub.com/calendars/wall-calendar-blank/mystical-wall-calendar-boho-spiritual-ca/the-celestial-folk-almanac/01_front_cover_spiral.jpg,https://cdn.crayonahub.com/calendars/wall-calendar-blank/mystical-wall-calendar-boho-spiritual-ca/the-celestial-folk-almanac/01_front_cover_spiral.jpg,,
celestial-folk-almanac-2027-wall-calendar-boho-zodiac-moon-sun-astrology-art-witchy-vintage-poster-calendar,,,Calendaria,,,,,,"11"" x 8.5""",,Printable,,,WCB-CFA-4472D-11PD,7.95,12.95,5.88,9.58,11.13,18.13,,https://cdn.crayonahub.com/calendars/wall-calendar-blank/mystical-wall-calendar-boho-spiritual-ca/the-celestial-folk-almanac/01_front_cover_spiral.jpg,https://cdn.crayonahub.com/calendars/wall-calendar-blank/mystical-wall-calendar-boho-spiritual-ca/the-celestial-folk-almanac/in_tai_nha_11x8.5.pdf,
celestial-folk-almanac-2027-wall-calendar-boho-zodiac-moon-sun-astrology-art-witchy-vintage-poster-calendar,,,Calendaria,,,,,,"14"" x 11.5""",,Spiral,,Matte,WCB-CFA-4472D-14SM,39.95,49.95,29.56,36.96,55.93,69.93,,https://cdn.crayonahub.com/calendars/wall-calendar-blank/mystical-wall-calendar-boho-spiritual-ca/the-celestial-folk-almanac/01_front_cover_spiral.jpg,,
celestial-folk-almanac-2027-wall-calendar-boho-zodiac-moon-sun-astrology-art-witchy-vintage-poster-calendar,,,Calendaria,,,,,,"14"" x 11.5""",,Spiral,,Glossy,WCB-CFA-4472D-14SG,42.95,52.95,31.78,39.18,60.13,74.13,,https://cdn.crayonahub.com/calendars/wall-calendar-blank/mystical-wall-calendar-boho-spiritual-ca/the-celestial-folk-almanac/01_front_cover_spiral.jpg,,
celestial-folk-almanac-2027-wall-calendar-boho-zodiac-moon-sun-astrology-art-witchy-vintage-poster-calendar,,,Calendaria,,,,,,"14"" x 11.5""",,Printable,,,WCB-CFA-4472D-14PD,7.95,12.95,5.88,9.58,11.13,18.13,,https://cdn.crayonahub.com/calendars/wall-calendar-blank/mystical-wall-calendar-boho-spiritual-ca/the-celestial-folk-almanac/01_front_cover_spiral.jpg,https://cdn.crayonahub.com/calendars/wall-calendar-blank/mystical-wall-calendar-boho-spiritual-ca/the-celestial-folk-almanac/in_tai_nha_14x11.5.pdf,
celestial-folk-almanac-2027-wall-calendar-boho-zodiac-moon-sun-astrology-art-witchy-vintage-poster-calendar,,,Calendaria,,,,,,,,,,,,,,,,,,https://cdn.crayonahub.com/calendars/wall-calendar-blank/mystical-wall-calendar-boho-spiritual-ca/the-celestial-folk-almanac/02_open_spread_flat.jpg,,,
celestial-folk-almanac-2027-wall-calendar-boho-zodiac-moon-sun-astrology-art-witchy-vintage-poster-calendar,,,Calendaria,,,,,,,,,,,,,,,,,,https://cdn.crayonahub.com/calendars/wall-calendar-blank/mystical-wall-calendar-boho-spiritual-ca/the-celestial-folk-almanac/03_three_open_spreads.jpg,,,
celestial-folk-almanac-2027-wall-calendar-boho-zodiac-moon-sun-astrology-art-witchy-vintage-poster-calendar,,,Calendaria,,,,,,,,,,,,,,,,,,https://cdn.crayonahub.com/calendars/wall-calendar-blank/mystical-wall-calendar-boho-spiritual-ca/the-celestial-folk-almanac/04_wall_spread.jpg,,,
celestial-folk-almanac-2027-wall-calendar-boho-zodiac-moon-sun-astrology-art-witchy-vintage-poster-calendar,,,Calendaria,,,,,,,,,,,,,,,,,,https://cdn.crayonahub.com/calendars/wall-calendar-blank/mystical-wall-calendar-boho-spiritual-ca/the-celestial-folk-almanac/05_wall_page_turn.jpg,,,
cozy-floral-family-wall-calendar-2027-papercut-window-planner-home-organization-calendar-kitchen-mom-gift,"Cozy Floral Family Wall Calendar 2027, Papercut Window Planner, Home Organization Calendar, Kitchen & Mom Gift","<p>Cozy Window, Blooming Year — Flowers, Home Comforts &amp; Family Plans. A 2027 wall calendar with original bookcloth window papercut artwork for every month.</p><p><strong>What's inside</strong></p><ul><li>12 full-page original artworks, one for each month</li><li>Monthly grid with US holidays and large date boxes for appointments and notes</li><li>Front cover and a back cover with all 12 artworks</li></ul><p><strong>Months</strong></p><ul><li><strong>January</strong>: Begin With Calm</li><li><strong>February</strong>: Make Room for Love</li><li><strong>March</strong>: Plan What Grows</li><li><strong>April</strong>: Order the Ordinary</li><li><strong>May</strong>: Celebrate Everyday Care</li><li><strong>June</strong>: Make Space for Summer</li><li><strong>July</strong>: Keep Summer Simple</li><li><strong>August</strong>: Ease Into Routine</li><li><strong>September</strong>: Find Your Rhythm</li><li><strong>October</strong>: Settle Into Cozy</li><li><strong>November</strong>: Gather With Grace</li><li><strong>December</strong>: Wrap Up With Joy</li></ul><p><strong>Details</strong></p><ul><li>Size: 11 x 8.5 in (opens to 11 x 17 in)</li><li>Wire-bound, hanging hole</li><li>Printed on demand and shipped to you</li></ul>",Calendaria,Wall Calendar,"family wall calendar, floral calendar, cozy home calendar, family planner, mom planner, kitchen calendar, papercut calendar, flower wall decor, home organization, 2027 wall calendar, window nook decor, apartment decor, gift for mom",FALSE,FALSE,Size,"11"" x 8.5""",Choose your format,Spiral,Paper,Matte,WCB-CFF-DE956-11SM,29.95,39.95,22.16,29.56,41.93,55.93,https://cdn.crayonahub.com/calendars/wall-calendar-blank/wall-calendar-cozy-daily-planner-calenda/cozy-window-blooming-year/01_front_cover_spiral.jpg,https://cdn.crayonahub.com/calendars/wall-calendar-blank/wall-calendar-cozy-daily-planner-calenda/cozy-window-blooming-year/01_front_cover_spiral.jpg,,
cozy-floral-family-wall-calendar-2027-papercut-window-planner-home-organization-calendar-kitchen-mom-gift,,,Calendaria,,,,,,"11"" x 8.5""",,Printable,,,WCB-CFF-DE956-11PD,7.95,12.95,5.88,9.58,11.13,18.13,,https://cdn.crayonahub.com/calendars/wall-calendar-blank/wall-calendar-cozy-daily-planner-calenda/cozy-window-blooming-year/01_front_cover_spiral.jpg,https://cdn.crayonahub.com/calendars/wall-calendar-blank/wall-calendar-cozy-daily-planner-calenda/cozy-window-blooming-year/in_tai_nha_11x8.5.pdf,
cozy-floral-family-wall-calendar-2027-papercut-window-planner-home-organization-calendar-kitchen-mom-gift,,,Calendaria,,,,,,"14"" x 11.5""",,Spiral,,Matte,WCB-CFF-DE956-14SM,39.95,49.95,29.56,36.96,55.93,69.93,,https://cdn.crayonahub.com/calendars/wall-calendar-blank/wall-calendar-cozy-daily-planner-calenda/cozy-window-blooming-year/01_front_cover_spiral.jpg,,
cozy-floral-family-wall-calendar-2027-papercut-window-planner-home-organization-calendar-kitchen-mom-gift,,,Calendaria,,,,,,"14"" x 11.5""",,Spiral,,Glossy,WCB-CFF-DE956-14SG,42.95,52.95,31.78,39.18,60.13,74.13,,https://cdn.crayonahub.com/calendars/wall-calendar-blank/wall-calendar-cozy-daily-planner-calenda/cozy-window-blooming-year/01_front_cover_spiral.jpg,,
cozy-floral-family-wall-calendar-2027-papercut-window-planner-home-organization-calendar-kitchen-mom-gift,,,Calendaria,,,,,,"14"" x 11.5""",,Printable,,,WCB-CFF-DE956-14PD,7.95,12.95,5.88,9.58,11.13,18.13,,https://cdn.crayonahub.com/calendars/wall-calendar-blank/wall-calendar-cozy-daily-planner-calenda/cozy-window-blooming-year/01_front_cover_spiral.jpg,https://cdn.crayonahub.com/calendars/wall-calendar-blank/wall-calendar-cozy-daily-planner-calenda/cozy-window-blooming-year/in_tai_nha_14x11.5.pdf,
cozy-floral-family-wall-calendar-2027-papercut-window-planner-home-organization-calendar-kitchen-mom-gift,,,Calendaria,,,,,,,,,,,,,,,,,,https://cdn.crayonahub.com/calendars/wall-calendar-blank/wall-calendar-cozy-daily-planner-calenda/cozy-window-blooming-year/02_open_spread_flat.jpg,,,
cozy-floral-family-wall-calendar-2027-papercut-window-planner-home-organization-calendar-kitchen-mom-gift,,,Calendaria,,,,,,,,,,,,,,,,,,https://cdn.crayonahub.com/calendars/wall-calendar-blank/wall-calendar-cozy-daily-planner-calenda/cozy-window-blooming-year/03_three_open_spreads.jpg,,,
cozy-floral-family-wall-calendar-2027-papercut-window-planner-home-organization-calendar-kitchen-mom-gift,,,Calendaria,,,,,,,,,,,,,,,,,,https://cdn.crayonahub.com/calendars/wall-calendar-blank/wall-calendar-cozy-daily-planner-calenda/cozy-window-blooming-year/04_wall_spread.jpg,,,
cozy-floral-family-wall-calendar-2027-papercut-window-planner-home-organization-calendar-kitchen-mom-gift,,,Calendaria,,,,,,,,,,,,,,,,,,https://cdn.crayonahub.com/calendars/wall-calendar-blank/wall-calendar-cozy-daily-planner-calenda/cozy-window-blooming-year/05_wall_page_turn.jpg,,,
